1592320628,85,,1592321650,91.53,,1592321224,91.82
1592320629,85,,1592321651,91.43,,1592321225,91.65
1592320630,82,,1592321652,91.35,,1592321226,91.53
1592320631,73.75,,1592321653,91.28,,1592321227,91.42
1592320632,70.8,,1592321654,91.25,,1592321228,91.3
1592320633,88,,1592321655,91.22,,1592321229,91.18
1592320634,101,,1592321656,91.17,,1592321230,91.1
1592320635,110.38,,1592321657,91.1,,1592321231,91.07
1592320636,117.56,,1592321658,91.05,,1592321232,91.08
1592320637,123.2,,1592321659,91.02,,1592321233,91.12
1592320638,127.82,,1592321660,90.98,,1592321234,91.17
1592320639,131.83,,1592321661,90.97,,1592321235,91.2
1592320640,135.31,,1592321662,90.98,,1592321236,91.27
1592320641,132.07,,1592321663,91.08,,1592321237,91.32
1592320642,129.27,,1592321664,91.22,,1592321238,91.35
1592320643,126.81,,1592321665,91.37,,1592321239,91.38
1592320644,124.65,,1592321666,91.52,,1592321240,91.4
1592320645,122.72,,1592321667,91.75,,1592321241,91.4
1592320646,121,,1592321668,91.98,,1592321242,91.37
1592320647,119.4,,1592321669,92.23,,1592321243,91.33
1592320648,117.9,,1592321670,92.48,,1592321244,91.28
1592320649,116.59,,1592321671,92.72,,1592321245,91.25
1592320650,115.39,,1592321672,92.78,,1592321246,91.23
1592320651,114.33,,1592321673,92.9,,1592321247,91.2
1592320652,113.24,,1592321674,93.03,,1592321248,91.17
1592320653,112.27,,1592321675,93.18,,1592321249,91.13
1592320654,111.37,,1592321676,93.47,,1592321250,91.1
1592320655,110.57,,1592321677,93.67,,1592321251,91.03
1592320656,109.83,,1592321678,93.87,,1592321252,90.93
1592320657,109.17,,1592321679,94,,1592321253,90.82
1592320658,108.55,,1592321680,94.22,,1592321254,90.68
1592320659,108.12,,1592321681,94.37,,1592321255,90.55
1592320660,107.7,,1592321682,94.5,,1592321256,90.42
1592320661,107.29,,1592321683,94.62,,1592321257,90.28
1592320662,106.91,,1592321684,94.73,,1592321258,90.17
1592320663,106.58,,1592321685,94.85,,1592321259,90.03
1592320664,106.3,,1592321686,94.98,,1592321260,89.93
1592320665,106,,1592321687,95.22,,1592321261,89.82
1592320666,105.72,,1592321688,95.53,,1592321262,89.7
1592320667,105.47,,1592321689,95.65,,1592321263,89.58
1592320668,105.29,,1592321690,95.78,,1592321264,89.5
1592320669,105.02,,1592321691,95.93,,1592321265,89.47
1592320670,104.72,,1592321692,96.07,,1592321266,89.42
1592320671,104.43,,1592321693,96.22,,1592321267,89.37
1592320672,104.16,,1592321694,96.33,,1592321268,89.37
1592320673,103.87,,1592321695,96.35,,1592321269,89.43
1592320674,103.62,,1592321696,96.37,,1592321270,89.47
1592320675,103.38,,1592321697,96.4,,1592321271,89.52
1592320676,103.18,,1592321698,96.45,,1592321272,89.6
1592320677,102.98,,1592321699,96.47,,1592321273,89.72
1592320678,102.78,,1592321700,96.45,,1592321274,89.82
1592320679,102.62,,1592321701,96.42,,1592321275,89.92
1592320680,102.47,,1592321702,96.35,,1592321276,90.05
1592320681,102.33,,1592321703,96.28,,1592321277,90.2
1592320682,102.18,,1592321704,96.2,,1592321278,90.35
1592320683,102,,1592321705,96.1,,1592321279,90.52
1592320684,101.81,,1592321706,95.98,,1592321280,90.65
1592320685,101.59,,1592321707,95.87,,1592321281,90.8
1592320686,101.39,,1592321708,95.73,,1592321282,90.92
1592320687,101.13,,1592321709,95.58,,1592321283,91.05
1592320688,101.15,,1592321710,95.43,,1592321284,91.18
1592320689,101.17,,1592321711,95.28,,1592321285,91.32
1592320690,101.33,,1592321712,95.13,,1592321286,91.4
1592320691,101.95,,1592321713,95,,1592321287,91.47
1592320692,102.43,,1592321714,94.87,,1592321288,91.5
1592320693,100.9,,1592321715,94.75,,1592321289,91.52
1592320694,99.28,,1592321716,94.67,,1592321290,91.52
1592320695,97.72,,1592321717,94.6,,1592321291,91.48
1592320696,96.17,,1592321718,94.53,,1592321292,91.43
1592320697,94.63,,1592321719,94.48,,1592321293,91.38
1592320698,93.12,,1592321720,94.43,,1592321294,91.35
1592320699,91.7,,1592321721,94.35,,1592321295,91.35
1592320700,90.28,,1592321722,94.23,,1592321296,91.33
1592320701,90.33,,1592321723,94.1,,1592321297,91.32
1592320702,90.4,,1592321724,93.93,,1592321298,91.32
1592320703,90.48,,1592321725,93.77,,1592321299,91.35
1592320704,90.58,,1592321726,93.6,,1592321300,91.38
1592320705,90.68,,1592321727,93.35,,1592321301,91.43
1592320706,90.78,,1592321728,93.1,,1592321302,91.52
1592320707,90.88,,1592321729,92.85,,1592321303,91.63
1592320708,90.98,,1592321730,92.6,,1592321304,91.78
1592320709,91.05,,1592321731,92.37,,1592321305,91.95
1592320710,91.12,,1592321732,92.27,,1592321306,92.13
1592320711,91.17,,1592321733,92.15,,1592321307,92.32
1592320712,91.28,,1592321734,92.02,,1592321308,92.52
1592320713,91.38,,1592321735,91.88,,1592321309,92.72
1592320714,91.5,,1592321736,91.75,,1592321310,92.9
1592320715,91.6,,1592321737,91.7,,1592321311,93.05
1592320716,91.7,,1592321738,91.67,,1592321312,93.2
1592320717,91.78,,1592321739,91.67,,1592321313,93.33
1592320718,91.88,,1592321740,91.57,,1592321314,93.48
1592320719,91.92,,1592321741,91.52,,1592321315,93.65
1592320720,91.98,,1592321742,91.47,,1592321316,93.82
1592320721,92.07,,1592321743,91.42,,1592321317,93.98
1592320722,92.15,,1592321744,91.37,,1592321318,94.13
1592320723,92.22,,1592321745,91.32,,1592321319,94.28
1592320724,92.25,,1592321746,91.23,,1592321320,94.45
1592320725,92.28,,1592321747,91.03,,1592321321,94.62
1592320726,92.3,,1592321748,90.75,,1592321322,94.82
1592320727,92.28,,1592321749,90.67,,1592321323,95.05
1592320728,92.23,,1592321750,90.57,,1592321324,95.28
1592320729,92.25,,1592321751,90.45,,1592321325,95.53
1592320730,92.3,,1592321752,90.33,,1592321326,95.78
1592320731,92.35,,1592321753,90.2,,1592321327,96.02
1592320732,92.4,,1592321754,90.1,,1592321328,96.23
1592320733,92.45,,1592321755,90.12,,1592321329,96.42
1592320734,92.47,,1592321756,90.15,,1592321330,96.6
1592320735,92.45,,1592321757,90.17,,1592321331,96.78
1592320736,92.38,,1592321758,90.18,,1592321332,96.97
1592320737,92.33,,1592321759,90.22,,1592321333,97.08
1592320738,92.27,,1592321760,90.27,,1592321334,97.22
1592320739,92.22,,1592321761,90.32,,1592321335,97.33
1592320740,92.17,,1592321762,90.37,,1592321336,97.43
1592320741,92.13,,1592321763,90.42,,1592321337,97.55
1592320742,92.13,,1592321764,90.45,,1592321338,97.67
1592320743,92.2,,1592321765,90.48,,1592321339,97.65
1592320744,92.28,,1592321766,90.52,,1592321340,97.6
1592320745,92.42,,1592321767,90.55,,1592321341,97.45
1592320746,92.55,,1592321768,90.57,,1592321342,97.32
1592320747,92.75,,1592321769,90.6,,1592321343,97.18
1592320748,92.97,,1592321770,90.63,,1592321344,97.03
1592320749,93.18,,1592321771,90.67,,1592321345,96.82
1592320750,93.4,,1592321772,90.7,,1592321346,96.63
1592320751,93.72,,1592321773,90.73,,1592321347,96.52
1592320752,93.98,,1592321774,90.77,,1592321348,96.5
1592320753,94.33,,1592321775,90.78,,1592321349,96.5
1592320754,94.67,,1592321776,90.8,,1592321350,96.5
1592320755,94.98,,1592321777,90.82,,1592321351,96.67
1592320756,95.3,,1592321778,90.83,,1592321352,96.83
1592320757,95.62,,1592321779,90.85,,1592321353,97
1592320758,95.92,,1592321780,90.87,,1592321354,97.13
1592320759,96.08,,1592321781,90.9,,1592321355,97.23
1592320760,96.25,,1592321782,90.93,,1592321356,97.3
1592320761,96.4,,1592321783,90.97,,1592321357,97.35
1592320762,96.53,,1592321784,91,,1592321358,97.4
1592320763,96.65,,1592321785,91.03,,1592321359,97.38
1592320764,96.75,,1592321786,91.07,,1592321360,97.38
1592320765,96.83,,1592321787,91.1,,1592321361,97.42
1592320766,96.9,,1592321788,91.15,,1592321362,97.47
1592320767,96.98,,1592321789,91.2,,1592321363,97.52
1592320768,97.07,,1592321790,91.25,,1592321364,97.57
1592320769,97.18,,1592321791,91.3,,1592321365,97.6
1592320770,97.28,,1592321792,91.35,,1592321366,97.67
1592320771,97.35,,1592321793,91.4,,1592321367,97.73
1592320772,97.38,,1592321794,91.43,,1592321368,97.78
1592320773,97.43,,1592321795,91.47,,1592321369,97.83
1592320774,97.47,,1592321796,91.52,,1592321370,97.9
1592320775,97.52,,1592321797,91.57,,1592321371,97.98
1592320776,97.6,,1592321798,91.62,,1592321372,98.08
1592320777,97.72,,1592321799,91.68,,1592321373,98.2
1592320778,97.83,,1592321800,91.75,,1592321374,98.3
1592320779,97.95,,1592321801,91.83,,1592321375,98.38
1592320780,98.05,,1592321802,91.95,,1592321376,98.45
1592320781,98.12,,1592321803,92.1,,1592321377,98.48
1592320782,98.18,,1592321804,92.27,,1592321378,98.52
1592320783,98.27,,1592321805,92.43,,1592321379,98.53
1592320784,98.35,,1592321806,92.62,,1592321380,98.52
1592320785,98.45,,1592321807,92.8,,1592321381,98.47
1592320786,98.57,,1592321808,92.97,,1592321382,98.38
1592320787,98.7,,1592321809,93.07,,1592321383,98.28
1592320788,98.82,,1592321810,93.12,,1592321384,98.2
1592320789,98.95,,1592321811,93.17,,1592321385,98.12
1592320790,99.08,,1592321812,93.2,,1592321386,98.07
1592320791,99.2,,1592321813,93.23,,1592321387,98.03
1592320792,99.32,,1592321814,93.25,,1592321388,98.02
1592320793,99.45,,1592321815,93.25,,1592321389,98.05
1592320794,99.58,,1592321816,93.25,,1592321390,98.12
1592320795,99.73,,1592321817,93.27,,1592321391,98.17
1592320796,99.88,,1592321818,93.28,,1592321392,98.18
1592320797,100.02,,1592321819,93.3,,1592321393,98.25
1592320798,100.15,,1592321820,93.3,,1592321394,98.28
1592320799,100.23,,1592321821,93.3,,1592321395,98.3
1592320800,100.27,,1592321822,93.3,,1592321396,98.33
1592320801,100.27,,1592321823,93.28,,1592321397,98.35
1592320802,100.23,,1592321824,93.25,,1592321398,98.37
1592320803,100.17,,1592321825,93.22,,1592321399,98.52
1592320804,100.08,,1592321826,93.2,,1592321400,98.72
1592320805,100,,1592321827,93.18,,1592321401,99
1592320806,99.92,,1592321828,93.18,,1592321402,99.25
1592320807,99.87,,1592321829,93.2,,1592321403,99.48
1592320808,99.82,,1592321830,93.25,,1592321404,99.7
1592320809,99.78,,1592321831,93.32,,1592321405,99.93
1592320810,99.77,,1592321832,93.38,,1592321406,100.12
1592320811,99.65,,1592321833,93.45,,1592321407,100.22
1592320812,99.55,,1592321834,93.52,,1592321408,100.23
1592320813,99.47,,1592321835,93.58,,1592321409,100.23
1592320814,99.4,,1592321836,93.62,,1592321410,100.25
1592320815,99.33,,1592321837,93.63,,1592321411,100.08
1592320816,99.25,,1592321838,93.65,,1592321412,99.93
1592320817,99.15,,1592321839,93.63,,1592321413,99.78
1592320818,99.03,,1592321840,93.62,,1592321414,99.68
1592320819,98.92,,1592321841,93.6,,1592321415,99.62
1592320820,98.78,,1592321842,93.58,,1592321416,99.58
1592320821,98.67,,1592321843,93.57,,1592321417,99.58
1592320822,98.58,,1592321844,93.55,,1592321418,99.58
1592320823,98.53,,1592321845,93.53,,1592321419,99.63
1592320824,98.52,,1592321846,93.53,,1592321420,99.68
1592320825,98.55,,1592321847,93.53,,1592321421,99.67
1592320826,98.62,,1592321848,93.52,,1592321422,99.63
1592320827,98.67,,1592321849,93.5,,1592321423,99.55
1592320828,98.72,,1592321850,93.5,,1592321424,99.52
1592320829,98.72,,1592321851,93.5,,1592321425,99.47
1592320830,98.7,,1592321852,93.52,,1592321426,99.37
1592320831,98.8,,1592321853,93.52,,1592321427,99.25
1592320832,98.88,,1592321854,93.55,,1592321428,98.98
1592320833,98.95,,1592321855,93.57,,1592321429,98.73
1592320834,99.02,,1592321856,93.57,,1592321430,98.48
1592320835,99.08,,1592321857,93.57,,1592321431,98.27
1592320836,99.13,,1592321858,93.55,,1592321432,98.05
1592320837,99.18,,1592321859,93.53,,1592321433,97.87
1592320838,99.2,,1592321860,93.53,,1592321434,97.7
1592320839,99.15,,1592321861,93.53,,1592321435,97.58
1592320840,99.1,,1592321862,93.48,,1592321436,97.48
1592320841,99.08,,1592321863,93.4,,1592321437,97.4
1592320842,99.05,,1592321864,93.32,,1592321438,97.32
1592320843,98.98,,1592321865,93.23,,1592321439,97.25
1592320844,98.93,,1592321866,93.17,,1592321440,97.17
1592320845,98.87,,1592321867,93.1,,1592321441,97.08
1592320846,98.8,,1592321868,93.07,,1592321442,97.02
1592320847,98.73,,1592321869,93.1,,1592321443,96.93
1592320848,98.68,,1592321870,93.2,,1592321444,96.85
1592320849,98.62,,1592321871,93.3,,1592321445,96.77
1592320850,98.55,,1592321872,93.43,,1592321446,96.7
1592320851,98.52,,1592321873,93.57,,1592321447,96.63
1592320852,98.5,,1592321874,93.7,,1592321448,96.57
1592320853,98.5,,1592321875,93.85,,1592321449,96.48
1592320854,98.53,,1592321876,94,,1592321450,96.38
1592320855,98.6,,1592321877,94.13,,1592321451,96.28
1592320856,98.68,,1592321878,94.25,,1592321452,96.17
1592320857,98.77,,1592321879,94.35,,1592321453,96.07
1592320858,98.85,,1592321880,94.47,,1592321454,95.98
1592320859,98.92,,1592321881,94.58,,1592321455,95.92
1592320860,98.93,,1592321882,94.73,,1592321456,95.87
1592320861,98.97,,1592321883,94.9,,1592321457,95.83
1592320862,98.98,,1592321884,95.12,,1592321458,95.78
1592320863,99,,1592321885,95.35,,1592321459,95.73
1592320864,98.98,,1592321886,95.58,,1592321460,95.68
1592320865,98.95,,1592321887,95.82,,1592321461,95.62
1592320866,98.9,,1592321888,96.05,,1592321462,95.53
1592320867,98.82,,1592321889,96.23,,1592321463,95.45
1592320868,98.68,,1592321890,96.35,,1592321464,95.35
1592320869,98.53,,1592321891,96.43,,1592321465,95.28
1592320870,98.37,,1592321892,96.58,,1592321466,95.23
1592320871,98.15,,1592321893,96.72,,1592321467,95.22
1592320872,97.95,,1592321894,96.85,,1592321468,95.22
1592320873,97.78,,1592321895,96.98,,1592321469,95.25
1592320874,97.57,,1592321896,97.15,,1592321470,95.27
1592320875,97.48,,1592321897,97.33,,1592321471,95.32
1592320876,97.42,,1592321898,97.5,,1592321472,95.33
1592320877,97.5,,1592321899,97.68,,1592321473,95.33
1592320878,97.6,,1592321900,97.87,,1592321474,95.28
1592320879,97.67,,1592321901,98.05,,1592321475,95.22
1592320880,97.75,,1592321902,98.22,,1592321476,95.17
1592320881,97.82,,1592321903,98.37,,1592321477,95.1
1592320882,97.88,,1592321904,98.5,,1592321478,95.03
1592320883,97.93,,1592321905,98.73,,1592321479,94.97
1592320884,97.97,,1592321906,98.9,,1592321480,94.88
1592320885,97.98,,1592321907,99.05,,1592321481,94.85
1592320886,98,,1592321908,99.18,,1592321482,94.8
1592320887,98.03,,1592321909,99.32,,1592321483,94.78
1592320888,98.1,,1592321910,99.43,,1592321484,94.68
1592320889,98.2,,1592321911,99.57,,1592321485,94.62
1592320890,98.32,,1592321912,99.7,,1592321486,94.55
1592320891,98.38,,1592321913,99.88,,1592321487,94.5
1592320892,98.5,,1592321914,99.88,,1592321488,94.6
1592320893,98.6,,1592321915,99.92,,1592321489,94.67
1592320894,98.67,,1592321916,99.93,,1592321490,94.72
1592320895,98.7,,1592321917,99.97,,1592321491,94.7
1592320896,98.68,,1592321918,100.02,,1592321492,94.68
1592320897,98.47,,1592321919,100.05,,1592321493,94.62
1592320898,98.27,,1592321920,100.08,,1592321494,94.55
1592320899,98.12,,1592321921,100.12,,1592321495,94.47
1592320900,97.98,,1592321922,100.18,,1592321496,94.38
1592320901,97.83,,1592321923,100.25,,1592321497,94.33
1592320902,97.7,,1592321924,100.28,,1592321498,94.3
1592320903,97.58,,1592321925,100.32,,1592321499,94.27
1592320904,97.45,,1592321926,100.33,,1592321500,94.25
1592320905,97.33,,1592321927,100.33,,1592321501,94.25
1592320906,97.2,,1592321928,100.27,,1592321502,94.22
1592320907,97.07,,1592321929,100.18,,1592321503,94.2
1592320908,96.92,,1592321930,100.1,,1592321504,94.17
1592320909,96.77,,1592321931,100.03,,1592321505,94.13
1592320910,96.63,,1592321932,99.97,,1592321506,94.08
1592320911,96.48,,1592321933,99.92,,1592321507,94.05
1592320912,96.33,,1592321934,99.82,,1592321508,94.03
1592320913,96.15,,1592321935,99.72,,1592321509,94.03
1592320914,95.95,,1592321936,99.62,,1592321510,94.05
1592320915,95.72,,1592321937,99.67,,1592321511,94.08
1592320916,95.48,,1592321938,99.72,,1592321512,94.15
1592320917,95.28,,1592321939,99.78,,1592321513,94.22
1592320918,95.08,,1592321940,99.85,,1592321514,94.3
1592320919,94.92,,1592321941,99.92,,1592321515,94.38
1592320920,94.83,,1592321942,99.93,,1592321516,94.43
1592320921,94.75,,1592321943,99.92,,1592321517,94.48
1592320922,94.7,,1592321944,99.85,,1592321518,94.55
1592320923,94.65,,1592321945,99.75,,1592321519,94.62
1592320924,94.63,,1592321946,99.63,,1592321520,94.67
1592320925,94.62,,1592321947,99.53,,1592321521,94.73
1592320926,94.62,,1592321948,99.43,,1592321522,94.82
1592320927,94.57,,1592321949,99.4,,1592321523,94.92
1592320928,94.57,,1592321950,99.42,,1592321524,95.05
,,,,,,,
,,,,,,,
,,,,,,,
,,,,,,,
,,,,,,,
,,,,,,,
,,,,,,,
,,,,,,,
,,,,,,,
,,,,,,,
,,,,,,,
,,,,,,,
,,,,,,,
,,,,,,,
,,,,,,,
,,,,,,,
,,,,,,,
,,,,,,,
,,,,,,,
,,,,,,,
,,,,,,,
,,,,,,,
,,,,,,,
,,,,,,,
,,,,,,,
,,,,,,,
,,,,,,,
,,,,,,,
,,,,,,,
,,,,,,,
,,,,,,,
,,,,,,,
,,,,,,,
,,,,,,,
,,,,,,,
,,,,,,,
,,,,,,,
,,,,,,,
,,,,,,,
,,,,,,,
,,,,,,,
,,,,,,,
,,,,,,,
,,,,,,,
,,,,,,,
,,,,,,,
,,,,,,,
,,,,,,,
,,,,,,,
,,,,,,,
,,,,,,,
,,,,,,,
,,,,,,,
,,,,,,,
,,,,,,,
,,,,,,,
,,,,,,,
,,,,,,,
,,,,,,,
,,,,,,,
,,,,,,,
,,,,,,,
,,,,,,,
,,,,,,,
,,,,,,,
,,,,,,,
,,,,,,,
,,,,,,,
,,,,,,,
,,,,,,,
,,,,,,,
,,,,,,,
,,,,,,,
,,,,,,,
,,,,,,,
,,,,,,,
,,,,,,,
,,,,,,,
,,,,,,,
,,,,,,,
,,,,,,,
,,,,,,,
,,,,,,,
,,,,,,,
,,,,,,,
,,,,,,,
,,,,,,,
,,,,,,,
,,,,,,,
,,,,,,,
,,,,,,,
,,,,,,,
,,,,,,,
,,,,,,,
,,,,,,,
,,,,,,,
,,,,,,,
,,,,,,,
,,,,,,,
,,,,,,,
,,,,,,,
,,,,,,,
,,,,,,,
,,,,,,,
,,,,,,,
,,,,,,,
,,,,,,,
,,,,,,,
,,,,,,,
,,,,,,,
,,,,,,,
,,,,,,,
,,,,,,,
,,,,,,,
,,,,,,,
,,,,,,,
,,,,,,,
,,,,,,,
,,,,,,,
,,,,,,,
,,,,,,,
,,,,,,,
,,,,,,,
,,,,,,,
,,,,,,,
,,,,,,,
,,,,,,,
,,,,,,,
,,,,,,,
,,,,,,,
,,,,,,,
,,,,,,,
,,,,,,,
,,,,,,,
,,,,,,,
,,,,,,,
,,,,,,,
,,,,,,,
,,,,,,,
,,,,,,,
,,,,,,,
,,,,,,,
,,,,,,,
,,,,,,,
,,,,,,,
,,,,,,,
,,,,,,,
,,,,,,,
,,,,,,,
,,,,,,,
,,,,,,,
,,,,,,,
,,,,,,,
,,,,,,,
,,,,,,,
,,,,,,,
,,,,,,,
,,,,,,,
,,,,,,,
,,,,,,,
,,,,,,,
,,,,,,,
,,,,,,,
,,,,,,,
,,,,,,,
,,,,,,,
,,,,,,,
,,,,,,,
,,,,,,,
,,,,,,,
,,,,,,,
,,,,,,,
,,,,,,,
,,,,,,,
,,,,,,,
,,,,,,,
,,,,,,,
,,,,,,,
,,,,,,,
,,,,,,,
,,,,,,,
,,,,,,,
,,,,,,,
,,,,,,,
,,,,,,,
,,,,,,,
,,,,,,,
,,,,,,,
,,,,,,,
,,,,,,,
,,,,,,,
,,,,,,,
,,,,,,,
,,,,,,,
,,,,,,,
,,,,,,,
,,,,,,,
,,,,,,,
,,,,,,,
,,,,,,,
,,,,,,,
,,,,,,,
,,,,,,,
,,,,,,,
,,,,,,,
,,,,,,,
,,,,,,,
,,,,,,,
,,,,,,,
,,,,,,,
,,,,,,,
,,,,,,,
,,,,,,,
,,,,,,,
,,,,,,,
,,,,,,,
,,,,,,,
,,,,,,,
,,,,,,,
,,,,,,,
,,,,,,,
,,,,,,,
,,,,,,,
,,,,,,,
,,,,,,,
,,,,,,,
,,,,,,,
,,,,,,,
,,,,,,,
,,,,,,,
,,,,,,,
,,,,,,,
,,,,,,,
,,,,,,,
,,,,,,,
,,,,,,,
,,,,,,,
,,,,,,,
,,,,,,,
,,,,,,,
,,,,,,,
,,,,,,,
,,,,,,,
,,,,,,,
,,,,,,,
,,,,,,,
,,,,,,,
,,,,,,,
,,,,,,,
,,,,,,,
,,,,,,,
,,,,,,,
,,,,,,,
,,,,,,,
,,,,,,,
,,,,,,,
,,,,,,,
,,,,,,,
,,,,,,,
,,,,,,,
,,,,,,,
,,,,,,,
,,,,,,,
,,,,,,,
,,,,,,,
,,,,,,,
,,,,,,,
,,,,,,,
,,,,,,,
,,,,,,,
,,,,,,,
,,,,,,,
,,,,,,,
,,,,,,,
,,,,,,,
,,,,,,,
,,,,,,,
,,,,,,,
,,,,,,,
,,,,,,,
,,,,,,,
,,,,,,,
,,,,,,,
,,,,,,,
,,,,,,,
,,,,,,,
,,,,,,,
,,,,,,,
,,,,,,,
,,,,,,,
,,,,,,,
,,,,,,,
,,,,,,,
,,,,,,,
,,,,,,,
,,,,,,,
,,,,,,,
,,,,,,,
,,,,,,,
,,,,,,,
,,,,,,,
,,,,,,,
,,,,,,,
,,,,,,,
,,,,,,,
,,,,,,,
,,,,,,,
,,,,,,,
,,,,,,,
,,,,,,,
,,,,,,,
,,,,,,,
,,,,,,,
,,,,,,,
,,,,,,,
,,,,,,,
,,,,,,,
,,,,,,,
,,,,,,,
,,,,,,,
,,,,,,,
,,,,,,,
,,,,,,,
,,,,,,,
,,,,,,,
,,,,,,,
,,,,,,,
,,,,,,,
,,,,,,,
,,,,,,,
,,,,,,,
,,,,,,,
,,,,,,,
,,,,,,,
,,,,,,,
,,,,,,,
,,,,,,,
,,,,,,,
,,,,,,,
,,,,,,,
,,,,,,,
,,,,,,,
,,,,,,,
,,,,,,,
,,,,,,,
,,,,,,,
,,,,,,,
,,,,,,,
,,,,,,,
,,,,,,,
,,,,,,,
,,,,,,,
,,,,,,,
,,,,,,,
,,,,,,,
,,,,,,,
,,,,,,,
,,,,,,,
,,,,,,,
,,,,,,,
,,,,,,,
,,,,,,,
,,,,,,,
,,,,,,,
,,,,,,,
,,,,,,,
,,,,,,,
,,,,,,,
,,,,,,,
,,,,,,,
,,,,,,,
,,,,,,,
,,,,,,,
,,,,,,,
,,,,,,,
,,,,,,,
,,,,,,,
,,,,,,,
,,,,,,,
,,,,,,,
,,,,,,,
,,,,,,,
,,,,,,,
,,,,,,,
,,,,,,,
,,,,,,,
,,,,,,,
,,,,,,,
,,,,,,,
,,,,,,,
,,,,,,,
,,,,,,,
,,,,,,,
,,,,,,,
,,,,,,,
,,,,,,,
,,,,,,,
,,,,,,,
,,,,,,,
,,,,,,,
,,,,,,,
,,,,,,,
,,,,,,,
,,,,,,,
,,,,,,,
,,,,,,,
,,,,,,,
,,,,,,,
,,,,,,,
,,,,,,,
,,,,,,,
,,,,,,,
,,,,,,,
,,,,,,,
,,,,,,,
,,,,,,,
,,,,,,,
,,,,,,,
,,,,,,,
,,,,,,,
,,,,,,,
,,,,,,,
,,,,,,,
,,,,,,,
,,,,,,,
,,,,,,,
,,,,,,,
,,,,,,,
,,,,,,,
,,,,,,,
,,,,,,,
,,,,,,,
,,,,,,,
,,,,,,,
,,,,,,,
,,,,,,,
,,,,,,,
,,,,,,,
,,,,,,,
,,,,,,,
,,,,,,,
,,,,,,,
,,,,,,,
,,,,,,,
,,,,,,,
,,,,,,,
,,,,,,,
,,,,,,,
,,,,,,,
,,,,,,,
,,,,,,,
,,,,,,,
,,,,,,,
,,,,,,,
,,,,,,,
,,,,,,,
,,,,,,,
,,,,,,,
,,,,,,,
,,,,,,,
,,,,,,,
,,,,,,,
,,,,,,,
,,,,,,,
,,,,,,,
,,,,,,,
,,,,,,,
,,,,,,,
,,,,,,,
,,,,,,,
,,,,,,,
,,,,,,,
,,,,,,,
,,,,,,,
,,,,,,,
,,,,,,,
,,,,,,,
,,,,,,,
,,,,,,,
,,,,,,,
,,,,,,,
,,,,,,,
,,,,,,,
,,,,,,,
,,,,,,,
,,,,,,,
,,,,,,,
,,,,,,,
,,,,,,,
,,,,,,,
,,,,,,,
,,,,,,,
,,,,,,,
,,,,,,,
,,,,,,,
,,,,,,,
,,,,,,,
,,,,,,,
,,,,,,,
,,,,,,,
,,,,,,,
,,,,,,,
,,,,,,,
,,,,,,,
,,,,,,,
,,,,,,,
,,,,,,,
,,,,,,,
,,,,,,,
,,,,,,,
,,,,,,,
,,,,,,,
,,,,,,,
,,,,,,,
,,,,,,,
,,,,,,,
,,,,,,,
,,,,,,,
,,,,,,,
,,,,,,,
,,,,,,,
,,,,,,,
,,,,,,,
,,,,,,,
,,,,,,,
,,,,,,,
,,,,,,,
,,,,,,,
,,,,,,,
,,,,,,,
,,,,,,,
,,,,,,,
,,,,,,,
,,,,,,,
,,,,,,,
,,,,,,,
,,,,,,,
,,,,,,,
,,,,,,,
,,,,,,,
,,,,,,,
,,,,,,,
,,,,,,,
,,,,,,,
,,,,,,,
,,,,,,,
,,,,,,,
,,,,,,,
,,,,,,,
,,,,,,,
,,,,,,,
,,,,,,,
,,,,,,,
,,,,,,,
,,,,,,,
,,,,,,,
,,,,,,,
,,,,,,,
,,,,,,,
,,,,,,,
,,,,,,,
,,,,,,,
,,,,,,,
,,,,,,,
,,,,,,,
,,,,,,,
,,,,,,,
,,,,,,,
,,,,,,,
,,,,,,,
,,,,,,,
,,,,,,,
,,,,,,,
,,,,,,,
,,,,,,,
,,,,,,,
,,,,,,,
,,,,,,,
,,,,,,,
,,,,,,,
,,,,,,,
,,,,,,,
,,,,,,,
,,,,,,,
,,,,,,,
,,,,,,,
,,,,,,,
,,,,,,,
,,,,,,,
,,,,,,,
,,,,,,,
,,,,,,,
,,,,,,,
,,,,,,,
,,,,,,,
,,,,,,,
1592321525,95.18,,,,,,
1592321526,95.32,,,,,,
1592321527,95.47,,,,,,
1592321528,95.62,,,,,,
1592321529,95.75,,,,,,
1592321530,95.87,,,,,,
1592321531,95.97,,,,,,
1592321532,96.05,,,,,,
1592321533,96.12,,,,,,
1592321534,96.23,,,,,,
1592321535,96.33,,,,,,
1592321536,96.37,,,,,,
1592321537,96.43,,,,,,
1592321538,96.48,,,,,,
1592321539,96.5,,,,,,
1592321540,96.57,,,,,,
1592321541,96.65,,,,,,
1592321542,96.7,,,,,,
1592321543,96.77,,,,,,
1592321544,96.88,,,,,,
1592321545,97,,,,,,
1592321546,97.12,,,,,,
1592321547,97.22,,,,,,
1592321548,97.27,,,,,,
1592321549,97.37,,,,,,
1592321550,97.47,,,,,,
1592321551,97.6,,,,,,
1592321552,97.73,,,,,,
1592321553,97.9,,,,,,
1592321554,98.07,,,,,,
1592321555,98.25,,,,,,
1592321556,98.45,,,,,,
1592321557,98.63,,,,,,
1592321558,98.8,,,,,,
1592321559,98.95,,,,,,
1592321560,99.08,,,,,,
1592321561,99.22,,,,,,
1592321562,99.37,,,,,,
1592321563,99.52,,,,,,
1592321564,99.67,,,,,,
1592321565,99.83,,,,,,
1592321566,99.98,,,,,,
1592321567,100.12,,,,,,
1592321568,100.25,,,,,,
1592321569,100.35,,,,,,
1592321570,100.43,,,,,,
1592321571,100.52,,,,,,
1592321572,100.6,,,,,,
1592321573,100.67,,,,,,
1592321574,100.72,,,,,,
1592321575,100.78,,,,,,
1592321576,100.87,,,,,,
1592321577,100.95,,,,,,
1592321578,101.03,,,,,,
1592321579,101.1,,,,,,
1592321580,101.17,,,,,,
1592321581,101.23,,,,,,
1592321582,101.3,,,,,,
1592321583,101.35,,,,,,
1592321584,101.4,,,,,,
1592321585,101.45,,,,,,
1592321586,101.5,,,,,,
1592321587,101.52,,,,,,
1592321588,101.53,,,,,,
1592321589,101.55,,,,,,
1592321590,101.58,,,,,,
1592321591,101.6,,,,,,
1592321592,101.62,,,,,,
1592321593,101.62,,,,,,
1592321594,101.53,,,,,,
1592321595,101.47,,,,,,
1592321596,101.43,,,,,,
1592321597,101.38,,,,,,
1592321598,101.33,,,,,,
1592321599,101.3,,,,,,
1592321600,101.23,,,,,,
1592321601,101.15,,,,,,
1592321602,101.12,,,,,,
1592321603,101,,,,,,
1592321604,100.85,,,,,,
1592321605,100.67,,,,,,
1592321606,100.48,,,,,,
1592321607,100.32,,,,,,
1592321608,100.2,,,,,,
1592321609,100.03,,,,,,
1592321610,99.88,,,,,,
1592321611,99.73,,,,,,
1592321612,99.62,,,,,,
1592321613,99.45,,,,,,
1592321614,99.28,,,,,,
1592321615,99.08,,,,,,
1592321616,98.73,,,,,,
1592321617,98.38,,,,,,
1592321618,98.03,,,,,,
1592321619,97.73,,,,,,
1592321620,97.47,,,,,,
1592321621,97.22,,,,,,
1592321622,96.98,,,,,,
1592321623,96.77,,,,,,
1592321624,96.55,,,,,,
1592321625,96.32,,,,,,
1592321626,96.08,,,,,,
1592321627,95.87,,,,,,
1592321628,95.63,,,,,,
1592321629,95.42,,,,,,
1592321630,95.2,,,,,,
1592321631,94.98,,,,,,
1592321632,94.78,,,,,,
1592321633,94.58,,,,,,
1592321634,94.4,,,,,,
1592321635,94.2,,,,,,
1592321636,93.98,,,,,,
1592321637,93.75,,,,,,
1592321638,93.5,,,,,,
1592321639,93.27,,,,,,
1592321640,93.05,,,,,,
1592321641,92.85,,,,,,
1592321642,92.67,,,,,,
1592321643,92.48,,,,,,
1592321644,92.32,,,,,,
1592321645,92.17,,,,,,
1592321646,92.02,,,,,,
1592321647,91.88,,,,,,
1592321648,91.77,,,,,,
1592321649,91.65,,,,,,
,,,,,,,
,,,,,,,
,,,,,,,
,,,,,,,
,,,,,,,
,,,,,,,
,,,,,,,
,,,,,,,
,,,,,,,
,,,,,,,
,,,,,,,
,,,,,,,
,,,,,,,
,,,,,,,
,,,,,,,
,,,,,,,
,,,,,,,
,,,,,,,
,,,,,,,
,,,,,,,
,,,,,,,
,,,,,,,
,,,,,,,
,,,,,,,
,,,,,,,
,,,,,,,
,,,,,,,
,,,,,,,
,,,,,,,
,,,,,,,
,,,,,,,
,,,,,,,
,,,,,,,
,,,,,,,
,,,,,,,
,,,,,,,
,,,,,,,
,,,,,,,
,,,,,,,
,,,,,,,
,,,,,,,
,,,,,,,
,,,,,,,
,,,,,,,
,,,,,,,
,,,,,,,
,,,,,,,
,,,,,,,
,,,,,,,
,,,,,,,
,,,,,,,
,,,,,,,
,,,,,,,
,,,,,,,
,,,,,,,
,,,,,,,
,,,,,,,
,,,,,,,
,,,,,,,
,,,,,,,
,,,,,,,
,,,,,,,
,,,,,,,
,,,,,,,
,,,,,,,
,,,,,,,
,,,,,,,
,,,,,,,
,,,,,,,
,,,,,,,
,,,,,,,
,,,,,,,
,,,,,,,
,,,,,,,
,,,,,,,
,,,,,,,
,,,,,,,
,,,,,,,
,,,,,,,
,,,,,,,
,,,,,,,
,,,,,,,
,,,,,,,
,,,,,,,
,,,,,,,
,,,,,,,
,,,,,,,
,,,,,,,
,,,,,,,
,,,,,,,
,,,,,,,
,,,,,,,
,,,,,,,
,,,,,,,
,,,,,,,
,,,,,,,
,,,,,,,
,,,,,,,
,,,,,,,
,,,,,,,
,,,,,,,
,,,,,,,
,,,,,,,
,,,,,,,
,,,,,,,
,,,,,,,
,,,,,,,
,,,,,,,
,,,,,,,
,,,,,,,
,,,,,,,
,,,,,,,
,,,,,,,
,,,,,,,
,,,,,,,
,,,,,,,
,,,,,,,
,,,,,,,
,,,,,,,
,,,,,,,
,,,,,,,
,,,,,,,
,,,,,,,
,,,,,,,
,,,,,,,
,,,,,,,
,,,,,,,
,,,,,,,
,,,,,,,
,,,,,,,
,,,,,,,
,,,,,,,
,,,,,,,
,,,,,,,
,,,,,,,
,,,,,,,
,,,,,,,
,,,,,,,
,,,,,,,
,,,,,,,
,,,,,,,
,,,,,,,
,,,,,,,
,,,,,,,
,,,,,,,
,,,,,,,
,,,,,,,
,,,,,,,
,,,,,,,
,,,,,,,
,,,,,,,
,,,,,,,
,,,,,,,
,,,,,,,
,,,,,,,
,,,,,,,
,,,,,,,
,,,,,,,
,,,,,,,
,,,,,,,
,,,,,,,
,,,,,,,
,,,,,,,
,,,,,,,
,,,,,,,
,,,,,,,
,,,,,,,
,,,,,,,
,,,,,,,
,,,,,,,
,,,,,,,
,,,,,,,
,,,,,,,
,,,,,,,
,,,,,,,
,,,,,,,
,,,,,,,
,,,,,,,
,,,,,,,
,,,,,,,
,,,,,,,
,,,,,,,
,,,,,,,
,,,,,,,
,,,,,,,
,,,,,,,
,,,,,,,
,,,,,,,
,,,,,,,
,,,,,,,
,,,,,,,
,,,,,,,
,,,,,,,
,,,,,,,
,,,,,,,
,,,,,,,
,,,,,,,
,,,,,,,
,,,,,,,
,,,,,,,
,,,,,,,
,,,,,,,
,,,,,,,
,,,,,,,
,,,,,,,
,,,,,,,
,,,,,,,
,,,,,,,
,,,,,,,
,,,,,,,
,,,,,,,
,,,,,,,
,,,,,,,
,,,,,,,
,,,,,,,
,,,,,,,
,,,,,,,
,,,,,,,
,,,,,,,
,,,,,,,
,,,,,,,
,,,,,,,
,,,,,,,
,,,,,,,
,,,,,,,
,,,,,,,
,,,,,,,
,,,,,,,
,,,,,,,
,,,,,,,
,,,,,,,
,,,,,,,
,,,,,,,
,,,,,,,
,,,,,,,
,,,,,,,
,,,,,,,
,,,,,,,
,,,,,,,
,,,,,,,
,,,,,,,
,,,,,,,
,,,,,,,
,,,,,,,
,,,,,,,
,,,,,,,
,,,,,,,
,,,,,,,
,,,,,,,
,,,,,,,
,,,,,,,
,,,,,,,
,,,,,,,
,,,,,,,
,,,,,,,
,,,,,,,
,,,,,,,
,,,,,,,
,,,,,,,
,,,,,,,
,,,,,,,
,,,,,,,
,,,,,,,
,,,,,,,
,,,,,,,
,,,,,,,
,,,,,,,
,,,,,,,
,,,,,,,
,,,,,,,
,,,,,,,
,,,,,,,
,,,,,,,
,,,,,,,
,,,,,,,
,,,,,,,
,,,,,,,
,,,,,,,
,,,,,,,
,,,,,,,
,,,,,,,
,,,,,,,
,,,,,,,
,,,,,,,
,,,,,,,
,,,,,,,
,,,,,,,
,,,,,,,
,,,,,,,
,,,,,,,
,,,,,,,
,,,,,,,
,,,,,,,
,,,,,,,
,,,,,,,
,,,,,,,
,,,,,,,
,,,,,,,
,,,,,,,
,,,,,,,
,,,,,,,
1592321951,99.48,,,,,,
1592321952,99.48,,,,,,
1592321953,99.5,,,,,,
1592321954,99.52,,,,,,
1592321955,99.52,,,,,,
1592321956,99.47,,,,,,
1592321957,99.47,,,,,,
1592321958,99.5,,,,,,
1592321959,99.53,,,,,,
1592321960,99.6,,,,,,
1592321961,99.67,,,,,,
1592321962,99.77,,,,,,
1592321963,99.9,,,,,,
1592321964,100.02,,,,,,
1592321965,100.02,,,,,,
1592321966,100.07,,,,,,
1592321967,100.08,,,,,,
1592321968,100.13,,,,,,
1592321969,100.18,,,,,,
1592321970,100.23,,,,,,
1592321971,100.25,,,,,,
1592321972,100.25,,,,,,
1592321973,100.23,,,,,,
1592321974,100.32,,,,,,
1592321975,100.35,,,,,,
1592321976,100.35,,,,,,
1592321977,100.43,,,,,,
1592321978,100.5,,,,,,
1592321979,100.6,,,,,,
1592321980,100.7,,,,,,
1592321981,100.82,,,,,,
1592321982,100.93,,,,,,
1592321983,101.02,,,,,,
1592321984,101.1,,,,,,
1592321985,101.18,,,,,,
1592321986,101.3,,,,,,
1592321987,101.28,,,,,,
1592321988,101.33,,,,,,
1592321989,101.43,,,,,,
1592321990,101.52,,,,,,
1592321991,101.58,,,,,,
1592321992,101.67,,,,,,
1592321993,101.75,,,,,,
1592321994,101.88,,,,,,
1592321995,102.02,,,,,,
1592321996,102.12,,,,,,
1592321997,102.03,,,,,,
1592321998,101.95,,,,,,
1592321999,101.85,,,,,,
1592322000,101.72,,,,,,
1592322001,101.57,,,,,,
1592322002,101.35,,,,,,
1592322003,101.17,,,,,,
1592322004,101.02,,,,,,
1592322005,100.88,,,,,,
1592322006,100.77,,,,,,
1592322007,100.63,,,,,,
1592322008,100.53,,,,,,
1592322009,100.43,,,,,,
1592322010,100.35,,,,,,
1592322011,100.25,,,,,,
1592322012,100.2,,,,,,
1592322013,100.15,,,,,,
1592322014,100.05,,,,,,
1592322015,99.95,,,,,,
1592322016,99.88,,,,,,
1592322017,99.92,,,,,,
1592322018,99.87,,,,,,
1592322019,99.82,,,,,,
1592322020,99.73,,,,,,
1592322021,99.63,,,,,,
1592322022,99.48,,,,,,
1592322023,99.3,,,,,,
1592322024,99.22,,,,,,
1592322025,99.1,,,,,,
1592322026,98.97,,,,,,
1592322027,98.87,,,,,,
1592322028,98.72,,,,,,
1592322029,98.42,,,,,,
1592322030,98.23,,,,,,
1592322031,98.08,,,,,,
1592322032,97.95,,,,,,
1592322033,97.82,,,,,,
1592322034,97.77,,,,,,
1592322035,97.75,,,,,,
1592322036,97.8,,,,,,
1592322037,97.87,,,,,,
1592322038,97.87,,,,,,
1592322039,97.83,,,,,,
1592322040,97.8,,,,,,
1592322041,97.75,,,,,,
1592322042,97.77,,,,,,
1592322043,97.85,,,,,,
1592322044,97.98,,,,,,
1592322045,98.1,,,,,,
1592322046,98.17,,,,,,
1592322047,98.38,,,,,,
1592322048,98.57,,,,,,
1592322049,98.67,,,,,,
1592322050,98.73,,,,,,
1592322051,98.87,,,,,,
1592322052,98.8,,,,,,
1592322053,98.8,,,,,,
1592322054,98.78,,,,,,
1592322055,98.73,,,,,,
1592322056,98.68,,,,,,
1592322057,98.5,,,,,,
1592322058,98.32,,,,,,
1592322059,98.15,,,,,,
1592322060,98.05,,,,,,
1592322061,97.97,,,,,,
1592322062,97.97,,,,,,
1592322063,97.98,,,,,,
1592322064,98.02,,,,,,
1592322065,98.07,,,,,,
1592322066,98.12,,,,,,
1592322067,98.17,,,,,,
1592322068,98.17,,,,,,
1592322069,98.12,,,,,,
1592322070,98.07,,,,,,
1592322071,97.97,,,,,,
1592322072,97.8,,,,,,
1592322073,97.65,,,,,,
1592322074,97.55,,,,,,
1592322075,97.47,,,,,,
1592322076,97.38,,,,,,
1592322077,97.13,,,,,,
1592322078,96.95,,,,,,
1592322079,96.75,,,,,,
1592322080,96.55,,,,,,
1592322081,96.37,,,,,,
1592322082,96.2,,,,,,
1592322083,96.07,,,,,,
1592322084,95.87,,,,,,
1592322085,95.7,,,,,,
1592322086,95.57,,,,,,
1592322087,95.45,,,,,,
1592322088,95.35,,,,,,
1592322089,95.38,,,,,,
1592322090,95.3,,,,,,
1592322091,95.18,,,,,,
1592322092,95.07,,,,,,
1592322093,94.95,,,,,,
1592322094,94.82,,,,,,
1592322095,94.68,,,,,,
1592322096,94.55,,,,,,
1592322097,94.28,,,,,,
1592322098,94.08,,,,,,
1592322099,93.92,,,,,,
1592322100,93.73,,,,,,
1592322101,93.55,,,,,,
1592322102,93.38,,,,,,
1592322103,93.15,,,,,,
1592322104,92.9,,,,,,
1592322105,92.67,,,,,,
1592322106,92.43,,,,,,
1592322107,92.2,,,,,,
1592322108,92,,,,,,
1592322109,91.87,,,,,,
1592322110,91.78,,,,,,
1592322111,91.67,,,,,,
1592322112,91.75,,,,,,
1592322113,91.77,,,,,,
1592322114,91.82,,,,,,
1592322115,91.82,,,,,,
1592322116,91.85,,,,,,
1592322117,92.05,,,,,,
1592322118,92.25,,,,,,
1592322119,92.45,,,,,,
1592322120,92.62,,,,,,
1592322121,92.77,,,,,,
1592322122,92.92,,,,,,
1592322123,93.15,,,,,,
1592322124,93.37,,,,,,
1592322125,93.6,,,,,,
1592322126,93.82,,,,,,
1592322127,93.93,,,,,,
1592322128,94.05,,,,,,
1592322129,94.2,,,,,,
1592322130,94.33,,,,,,
1592322131,94.53,,,,,,
1592322132,94.77,,,,,,
1592322133,95,,,,,,
1592322134,95.08,,,,,,
1592322135,95.23,,,,,,
1592322136,95.4,,,,,,
1592322137,95.58,,,,,,
1592322138,95.77,,,,,,
1592322139,95.95,,,,,,
1592322140,96.12,,,,,,
1592322141,96.17,,,,,,
1592322142,96.28,,,,,,
1592322143,96.37,,,,,,
1592322144,96.47,,,,,,
1592322145,96.58,,,,,,
1592322146,96.67,,,,,,
1592322147,96.75,,,,,,
1592322148,96.87,,,,,,
1592322149,97.03,,,,,,
1592322150,97.22,,,,,,
1592322151,97.43,,,,,,
1592322152,97.63,,,,,,
1592322153,97.82,,,,,,
1592322154,98.03,,,,,,
1592322155,98.27,,,,,,
1592322156,98.48,,,,,,
1592322157,98.68,,,,,,
1592322158,98.9,,,,,,
1592322159,99.1,,,,,,
1592322160,99.32,,,,,,
1592322161,99.53,,,,,,
1592322162,99.65,,,,,,
1592322163,99.82,,,,,,
1592322164,100,,,,,,
1592322165,100.17,,,,,,
1592322166,100.35,,,,,,
1592322167,100.48,,,,,,
1592322168,100.6,,,,,,
1592322169,100.68,,,,,,
1592322170,100.58,,,,,,
1592322171,100.52,,,,,,
1592322172,100.47,,,,,,
1592322173,100.42,,,,,,
1592322174,100.37,,,,,,
1592322175,100.38,,,,,,
1592322176,100.38,,,,,,
1592322177,100.45,,,,,,
1592322178,100.5,,,,,,
1592322179,100.58,,,,,,
1592322180,100.67,,,,,,
1592322181,100.77,,,,,,
1592322182,100.93,,,,,,
1592322183,100.97,,,,,,
1592322184,101.13,,,,,,
1592322185,101.27,,,,,,
1592322186,101.43,,,,,,
1592322187,101.7,,,,,,
1592322188,101.97,,,,,,
1592322189,102.2,,,,,,
1592322190,102.42,,,,,,
1592322191,102.65,,,,,,
1592322192,102.55,,,,,,
1592322193,102.48,,,,,,
1592322194,102.62,,,,,,
1592322195,102.67,,,,,,
1592322196,102.68,,,,,,
1592322197,102.68,,,,,,
1592322198,102.68,,,,,,
1592322199,102.68,,,,,,
1592322200,102.7,,,,,,
1592322201,102.82,,,,,,
1592322202,102.88,,,,,,
1592322203,102.97,,,,,,
1592322204,103.03,,,,,,
1592322205,103.12,,,,,,
1592322206,103.23,,,,,,
1592322207,103.37,,,,,,
1592322208,103.5,,,,,,
1592322209,103.62,,,,,,
1592322210,103.73,,,,,,
1592322211,103.83,,,,,,
1592322212,103.93,,,,,,
1592322213,104.03,,,,,,
1592322214,104.1,,,,,,
1592322215,104.15,,,,,,
1592322216,104.2,,,,,,
1592322217,104.28,,,,,,
1592322218,104.37,,,,,,
1592322219,104.43,,,,,,
1592322220,104.52,,,,,,
1592322221,104.58,,,,,,
1592322222,104.65,,,,,,
1592322223,104.72,,,,,,
1592322224,104.75,,,,,,
1592322225,104.78,,,,,,
1592322226,104.8,,,,,,
1592322227,104.87,,,,,,
1592322228,104.93,,,,,,
1592322229,105,,,,,,
1592322230,105.23,,,,,,
1592322231,105.42,,,,,,
1592322232,105.53,,,,,,
1592322233,105.62,,,,,,
1592322234,105.68,,,,,,
1592322235,105.75,,,,,,
1592322236,105.82,,,,,,
1592322237,105.82,,,,,,
1592322238,105.83,,,,,,
1592322239,105.82,,,,,,
1592322240,105.83,,,,,,
1592322241,105.87,,,,,,
1592322242,105.87,,,,,,
1592322243,105.92,,,,,,
1592322244,105.83,,,,,,
1592322245,105.75,,,,,,
1592322246,105.62,,,,,,
1592322247,105.47,,,,,,
1592322248,105.3,,,,,,
1592322249,105.13,,,,,,
1592322250,104.95,,,,,,
1592322251,104.7,,,,,,
1592322252,104.77,,,,,,
1592322253,104.78,,,,,,
1592322254,104.75,,,,,,
1592322255,104.75,,,,,,
1592322256,104.77,,,,,,
1592322257,104.82,,,,,,
1592322258,104.88,,,,,,
1592322259,104.98,,,,,,
1592322260,105.1,,,,,,
1592322261,105.23,,,,,,
1592322262,105.37,,,,,,
1592322263,105.48,,,,,,
1592322264,105.58,,,,,,
1592322265,105.63,,,,,,
1592322266,105.7,,,,,,
1592322267,105.77,,,,,,
1592322268,105.75,,,,,,
1592322269,105.78,,,,,,
1592322270,105.83,,,,,,
1592322271,105.92,,,,,,
1592322272,106,,,,,,
1592322273,106.08,,,,,,
1592322274,106.1,,,,,,
1592322275,106.12,,,,,,
1592322276,106.13,,,,,,
1592322277,106.17,,,,,,
1592322278,106.18,,,,,,
1592322279,106.17,,,,,,
1592322280,106.1,,,,,,
1592322281,106.07,,,,,,
1592322282,106.03,,,,,,
1592322283,105.98,,,,,,
1592322284,105.93,,,,,,
1592322285,105.9,,,,,,
1592322286,105.82,,,,,,
1592322287,105.73,,,,,,
1592322288,105.63,,,,,,
1592322289,105.55,,,,,,
1592322290,105.48,,,,,,
1592322291,105.42,,,,,,
1592322292,105.4,,,,,,
1592322293,105.42,,,,,,
1592322294,105.43,,,,,,
1592322295,105.47,,,,,,
1592322296,105.52,,,,,,
1592322297,105.6,,,,,,
1592322298,105.68,,,,,,
1592322299,105.77,,,,,,
1592322300,105.82,,,,,,
1592322301,105.85,,,,,,
1592322302,105.93,,,,,,
1592322303,106,,,,,,
1592322304,106.07,,,,,,
1592322305,106.3,,,,,,
1592322306,106.62,,,,,,
1592322307,106.97,,,,,,
1592322308,107.27,,,,,,
1592322309,107.58,,,,,,
1592322310,107.92,,,,,,
1592322311,108.23,,,,,,
1592322312,108.5,,,,,,
1592322313,108.78,,,,,,
1592322314,109.05,,,,,,
1592322315,109.3,,,,,,
1592322316,109.58,,,,,,
1592322317,109.83,,,,,,
1592322318,110.08,,,,,,
1592322319,110.32,,,,,,
1592322320,110.55,,,,,,
1592322321,110.78,,,,,,
1592322322,111.03,,,,,,
1592322323,111.3,,,,,,
1592322324,111.57,,,,,,
1592322325,111.87,,,,,,
1592322326,112.18,,,,,,
1592322327,112.45,,,,,,
1592322328,112.75,,,,,,
1592322329,113.02,,,,,,
1592322330,113.23,,,,,,
1592322331,113.38,,,,,,
1592322332,113.53,,,,,,
1592322333,113.45,,,,,,
1592322334,113.45,,,,,,
1592322335,113.42,,,,,,
1592322336,113.38,,,,,,
1592322337,113.33,,,,,,
1592322338,113.3,,,,,,
1592322339,113.28,,,,,,
1592322340,113.32,,,,,,
1592322341,113.35,,,,,,
1592322342,113.38,,,,,,
1592322343,113.42,,,,,,
1592322344,113.47,,,,,,
1592322345,113.52,,,,,,
1592322346,113.63,,,,,,
1592322347,113.73,,,,,,
1592322348,113.87,,,,,,
1592322349,114,,,,,,
1592322350,114.1,,,,,,
1592322351,114.17,,,,,,
1592322352,114.22,,,,,,
1592322353,114.25,,,,,,
1592322354,114.27,,,,,,
1592322355,114.28,,,,,,
1592322356,114.28,,,,,,
1592322357,114.23,,,,,,
1592322358,114.17,,,,,,
1592322359,114.1,,,,,,
1592322360,113.87,,,,,,
1592322361,113.68,,,,,,
1592322362,113.4,,,,,,
1592322363,113.1,,,,,,
1592322364,112.82,,,,,,
1592322365,112.37,,,,,,
1592322366,111.88,,,,,,
1592322367,111.42,,,,,,
1592322368,111.07,,,,,,
1592322369,110.72,,,,,,
1592322370,110.38,,,,,,
1592322371,110.08,,,,,,
1592322372,109.83,,,,,,
1592322373,109.57,,,,,,
1592322374,109.32,,,,,,
1592322375,109.07,,,,,,
1592322376,108.8,,,,,,
1592322377,108.57,,,,,,
1592322378,108.32,,,,,,
1592322379,108.1,,,,,,
1592322380,107.87,,,,,,
1592322381,107.65,,,,,,
1592322382,107.43,,,,,,
1592322383,107.23,,,,,,
1592322384,107.05,,,,,,
1592322385,106.87,,,,,,
1592322386,106.65,,,,,,
1592322387,106.48,,,,,,
1592322388,106.32,,,,,,
1592322389,106.12,,,,,,
1592322390,105.93,,,,,,
1592322391,105.75,,,,,,
1592322392,105.58,,,,,,
1592322393,105.63,,,,,,
1592322394,105.63,,,,,,
1592322395,105.62,,,,,,
1592322396,105.57,,,,,,
1592322397,105.53,,,,,,
1592322398,105.45,,,,,,
1592322399,105.4,,,,,,
1592322400,105.32,,,,,,
1592322401,105.1,,,,,,
1592322402,104.88,,,,,,
1592322403,104.7,,,,,,
1592322404,104.52,,,,,,
1592322405,104.38,,,,,,
1592322406,104.18,,,,,,
1592322407,104.03,,,,,,
1592322408,103.97,,,,,,
1592322409,103.9,,,,,,
1592322410,,,,,,,
1592322411,,,,,,,
