1639485029,49,,1639485583,82.53,,1639485980,64.38
1639485030,73.5,,1639485584,81.72,,1639485981,64.4
1639485031,66,,1639485585,80.87,,1639485982,64.38
1639485032,70.25,,1639485586,80.02,,1639485983,64.38
1639485033,80.8,,1639485587,79.12,,1639485984,64.38
1639485034,81.5,,1639485588,78.2,,1639485985,64.4
1639485035,81.86,,1639485589,77.23,,1639485986,64.42
1639485036,80,,1639485590,76.28,,1639485987,64.42
1639485037,78.67,,1639485591,75.35,,1639485988,64.45
1639485038,77.5,,1639485592,74.43,,1639485989,64.48
1639485039,76,,1639485593,73.47,,1639485990,64.5
1639485040,74.75,,1639485594,72.58,,1639485991,64.52
1639485041,73.69,,1639485595,71.72,,1639485992,64.52
1639485042,72.71,,1639485596,70.83,,1639485993,64.5
1639485043,71.8,,1639485597,69.95,,1639485994,64.43
1639485044,71,,1639485598,69.35,,1639485995,64.4
1639485045,70.24,,1639485599,68.77,,1639485996,64.38
1639485046,69.5,,1639485600,68.17,,1639485997,64.38
1639485047,68.84,,1639485601,67.52,,1639485998,64.38
1639485048,68.3,,1639485602,66.9,,1639485999,64.38
1639485049,67.86,,1639485603,66.22,,1639486000,64.4
1639485050,67.5,,1639485604,65.45,,1639486001,64.45
1639485051,67.17,,1639485605,64.65,,1639486002,64.5
1639485052,66.88,,1639485606,63.73,,1639486003,64.53
1639485053,66.6,,1639485607,62.68,,1639486004,64.55
1639485054,66.35,,1639485608,61.67,,1639486005,64.45
1639485055,66.11,,1639485609,60.65,,1639486006,64.33
1639485056,65.89,,1639485610,59.73,,1639486007,64.28
1639485057,65.66,,1639485611,58.85,,1639486008,64.15
1639485058,65.4,,1639485612,58.9,,1639486009,64.03
1639485059,65.16,,1639485613,58.9,,1639486010,63.92
1639485060,64.88,,1639485614,58.92,,1639486011,63.78
1639485061,64.58,,1639485615,58.92,,1639486012,63.63
1639485062,64.29,,1639485616,58.95,,1639486013,63.48
1639485063,64.03,,1639485617,59,,1639486014,63.35
1639485064,63.81,,1639485618,59.02,,1639486015,63.05
1639485065,63.59,,1639485619,59.08,,1639486016,62.73
1639485066,63.42,,1639485620,59.18,,1639486017,62.42
1639485067,63.26,,1639485621,59.28,,1639486018,62.1
1639485068,63.1,,1639485622,59.4,,1639486019,61.78
1639485069,62.88,,1639485623,59.52,,1639486020,61.48
1639485070,62.64,,1639485624,59.65,,1639486021,61.25
1639485071,62.44,,1639485625,59.77,,1639486022,61.07
1639485072,62.25,,1639485626,59.92,,1639486023,60.95
1639485073,62.07,,1639485627,59.92,,1639486024,60.83
1639485074,61.93,,1639485628,59.85,,1639486025,60.73
1639485075,61.85,,1639485629,59.77,,1639486026,60.63
1639485076,61.75,,1639485630,59.7,,1639486027,60.52
1639485077,61.65,,1639485631,59.58,,1639486028,60.42
1639485078,61.56,,1639485632,59.2,,1639486029,60.33
1639485079,61.47,,1639485633,58.87,,1639486030,60.25
1639485080,61.35,,1639485634,58.55,,1639486031,60.17
1639485081,61.21,,1639485635,58.2,,1639486032,60.07
1639485082,61.06,,1639485636,57.95,,1639486033,59.93
1639485083,60.91,,1639485637,57.75,,1639486034,59.82
1639485084,60.77,,1639485638,57.53,,1639486035,59.68
1639485085,60.67,,1639485639,57.58,,1639486036,59.55
1639485086,60.57,,1639485640,57.63,,1639486037,59.47
1639485087,60.47,,1639485641,57.8,,1639486038,59.37
1639485088,60.37,,1639485642,58,,1639486039,59.27
1639485089,60.47,,1639485643,58.33,,1639486040,59.2
1639485090,59.8,,1639485644,58.68,,1639486041,59.13
1639485091,59.92,,1639485645,59.07,,1639486042,59.1
1639485092,59.52,,1639485646,59.37,,1639486043,59.07
1639485093,58.57,,1639485647,59.63,,1639486044,59.07
1639485094,58.23,,1639485648,59.88,,1639486045,59.05
1639485095,57.92,,1639485649,60.1,,1639486046,59.02
1639485096,57.87,,1639485650,60.25,,1639486047,58.98
1639485097,57.8,,1639485651,60.33,,1639486048,58.93
1639485098,57.75,,1639485652,60.35,,1639486049,58.88
1639485099,57.8,,1639485653,60.37,,1639486050,58.85
1639485100,57.85,,1639485654,60.37,,1639486051,58.82
1639485101,57.9,,1639485655,60.37,,1639486052,58.8
1639485102,57.92,,1639485656,60.37,,1639486053,58.78
1639485103,57.95,,1639485657,60.33,,1639486054,58.83
1639485104,58.02,,1639485658,60.33,,1639486055,58.88
1639485105,58.13,,1639485659,60.37,,1639486056,58.92
1639485106,58.28,,1639485660,60.43,,1639486057,58.92
1639485107,58.45,,1639485661,60.53,,1639486058,58.92
1639485108,58.6,,1639485662,60.63,,1639486059,58.92
1639485109,58.72,,1639485663,60.78,,1639486060,58.92
1639485110,58.82,,1639485664,60.97,,1639486061,58.88
1639485111,58.9,,1639485665,61.15,,1639486062,58.82
1639485112,58.97,,1639485666,61.33,,1639486063,58.75
1639485113,59.05,,1639485667,61.48,,1639486064,58.7
1639485114,59.1,,1639485668,61.62,,1639486065,58.65
1639485115,59.15,,1639485669,61.73,,1639486066,58.7
1639485116,59.18,,1639485670,61.78,,1639486067,58.8
1639485117,59.2,,1639485671,61.8,,1639486068,58.85
1639485118,59.23,,1639485672,61.83,,1639486069,58.83
1639485119,59.25,,1639485673,61.9,,1639486070,58.83
1639485120,59.3,,1639485674,61.93,,1639486071,58.83
1639485121,59.38,,1639485675,61.95,,1639486072,58.83
1639485122,59.47,,1639485676,61.95,,1639486073,58.82
1639485123,59.58,,1639485677,61.93,,1639486074,58.8
1639485124,59.68,,1639485678,61.92,,1639486075,58.78
1639485125,59.8,,1639485679,61.92,,1639486076,58.75
1639485126,59.93,,1639485680,61.9,,1639486077,58.72
1639485127,60.07,,1639485681,61.88,,1639486078,58.7
1639485128,60.22,,1639485682,61.83,,1639486079,58.68
1639485129,60.43,,1639485683,61.77,,1639486080,58.68
1639485130,60.65,,1639485684,61.68,,1639486081,58.7
1639485131,60.85,,1639485685,61.6,,1639486082,58.75
1639485132,61.03,,1639485686,61.53,,1639486083,58.78
1639485133,61.18,,1639485687,61.5,,1639486084,58.8
1639485134,61.27,,1639485688,61.5,,1639486085,58.78
1639485135,61.3,,1639485689,61.5,,1639486086,58.73
1639485136,61.33,,1639485690,61.37,,1639486087,58.72
1639485137,61.37,,1639485691,61.23,,1639486088,58.65
1639485138,61.38,,1639485692,61.12,,1639486089,58.53
1639485139,61.42,,1639485693,61.02,,1639486090,58.42
1639485140,61.48,,1639485694,60.92,,1639486091,58.33
1639485141,61.58,,1639485695,60.83,,1639486092,58.27
1639485142,61.68,,1639485696,60.68,,1639486093,58.22
1639485143,61.78,,1639485697,60.52,,1639486094,58.17
1639485144,61.9,,1639485698,60.33,,1639486095,58.17
1639485145,61.98,,1639485699,60.15,,1639486096,58.18
1639485146,62.07,,1639485700,59.95,,1639486097,58.12
1639485147,62.15,,1639485701,59.72,,1639486098,58.05
1639485148,62.25,,1639485702,59.5,,1639486099,57.98
1639485149,62.45,,1639485703,59.17,,1639486100,57.92
1639485150,62.58,,1639485704,58.83,,1639486101,57.87
1639485151,62.7,,1639485705,58.5,,1639486102,57.85
1639485152,62.8,,1639485706,58.25,,1639486103,57.83
1639485153,62.8,,1639485707,58.03,,1639486104,57.82
1639485154,62.83,,1639485708,57.83,,1639486105,57.8
1639485155,62.88,,1639485709,57.67,,1639486106,57.78
1639485156,62.97,,1639485710,57.57,,1639486107,57.78
1639485157,63.05,,1639485711,57.53,,1639486108,57.73
1639485158,63.12,,1639485712,57.55,,1639486109,57.68
1639485159,63.17,,1639485713,57.55,,1639486110,57.63
1639485160,63.22,,1639485714,57.57,,1639486111,57.58
1639485161,63.27,,1639485715,57.58,,1639486112,57.55
1639485162,63.37,,1639485716,57.6,,1639486113,57.52
1639485163,63.45,,1639485717,57.67,,1639486114,57.47
1639485164,63.5,,1639485718,57.72,,1639486115,57.4
1639485165,63.52,,1639485719,57.78,,1639486116,57.33
1639485166,63.5,,1639485720,57.87,,1639486117,57.28
1639485167,63.45,,1639485721,57.93,,1639486118,57.23
1639485168,63.4,,1639485722,58,,1639486119,57.18
1639485169,63.33,,1639485723,58.05,,1639486120,57.13
1639485170,63.27,,1639485724,58.12,,1639486121,57.08
1639485171,63.18,,1639485725,58.18,,1639486122,57.07
1639485172,63.12,,1639485726,58.25,,1639486123,57.07
1639485173,63.03,,1639485727,58.32,,1639486124,57.07
1639485174,62.98,,1639485728,58.35,,1639486125,57.07
1639485175,62.93,,1639485729,58.37,,1639486126,56.98
1639485176,62.92,,1639485730,58.37,,1639486127,56.83
1639485177,62.95,,1639485731,58.37,,1639486128,56.78
1639485178,63,,1639485732,58.37,,1639486129,56.73
1639485179,63.07,,1639485733,58.35,,1639486130,56.67
1639485180,63.15,,1639485734,58.35,,1639486131,56.57
1639485181,63.22,,1639485735,58.38,,1639486132,56.47
1639485182,63.28,,1639485736,58.42,,1639486133,56.4
1639485183,63.32,,1639485737,58.45,,1639486134,56.35
1639485184,63.35,,1639485738,58.5,,1639486135,56.32
1639485185,63.37,,1639485739,58.55,,1639486136,56.32
1639485186,63.35,,1639485740,58.6,,1639486137,56.32
1639485187,63.33,,1639485741,58.65,,1639486138,56.33
1639485188,63.28,,1639485742,58.72,,1639486139,56.35
1639485189,63.18,,1639485743,58.8,,1639486140,56.37
1639485190,63.08,,1639485744,58.88,,1639486141,56.37
1639485191,62.98,,1639485745,58.98,,1639486142,56.33
1639485192,62.88,,1639485746,59.05,,1639486143,56.3
1639485193,62.82,,1639485747,59.08,,1639486144,56.28
1639485194,62.78,,1639485748,59.08,,1639486145,56.3
1639485195,62.8,,1639485749,59.07,,1639486146,56.33
1639485196,62.83,,1639485750,59.17,,1639486147,56.35
1639485197,62.88,,1639485751,59.27,,1639486148,56.42
1639485198,62.95,,1639485752,59.35,,1639486149,56.57
1639485199,63.03,,1639485753,59.42,,1639486150,56.73
1639485200,63.15,,1639485754,59.48,,1639486151,56.87
1639485201,63.27,,1639485755,59.53,,1639486152,57
1639485202,63.4,,1639485756,59.57,,1639486153,57.15
1639485203,63.53,,1639485757,59.58,,1639486154,57.3
1639485204,63.67,,1639485758,59.6,,1639486155,57.4
1639485205,63.8,,1639485759,59.62,,1639486156,57.5
1639485206,63.92,,1639485760,59.63,,1639486157,57.68
1639485207,64,,1639485761,59.63,,1639486158,57.88
1639485208,64.07,,1639485762,59.63,,1639486159,58.12
1639485209,64,,1639485763,59.63,,1639486160,58.35
1639485210,63.92,,1639485764,59.63,,1639486161,58.55
1639485211,63.83,,1639485765,59.62,,1639486162,58.73
1639485212,63.75,,1639485766,59.6,,1639486163,58.93
1639485213,63.65,,1639485767,59.58,,1639486164,59.08
1639485214,63.57,,1639485768,59.58,,1639486165,59.23
1639485215,63.48,,1639485769,59.57,,1639486166,59.38
1639485216,63.37,,1639485770,59.53,,1639486167,59.5
1639485217,63.25,,1639485771,59.5,,1639486168,59.63
1639485218,63.18,,1639485772,59.45,,1639486169,59.87
1639485219,63.13,,1639485773,59.4,,1639486170,60.07
1639485220,63.1,,1639485774,59.33,,1639486171,60.23
1639485221,63.07,,1639485775,59.25,,1639486172,60.3
1639485222,63.03,,1639485776,59.17,,1639486173,60.32
1639485223,63.02,,1639485777,59.07,,1639486174,60.35
1639485224,62.98,,1639485778,58.97,,1639486175,60.38
1639485225,62.95,,1639485779,58.83,,1639486176,60.43
1639485226,62.87,,1639485780,58.7,,1639486177,60.48
1639485227,62.9,,1639485781,58.57,,1639486178,60.53
1639485228,63.02,,1639485782,58.45,,1639486179,60.58
1639485229,64.22,,1639485783,58.33,,1639486180,60.63
1639485230,65.4,,1639485784,58.22,,1639486181,60.68
1639485231,66.63,,1639485785,58.1,,1639486182,60.72
1639485232,67.85,,1639485786,57.98,,1639486183,60.75
1639485233,69.07,,1639485787,57.9,,1639486184,60.78
1639485234,70.3,,1639485788,57.85,,1639486185,60.82
1639485235,71.53,,1639485789,57.8,,1639486186,60.85
1639485236,72.77,,1639485790,57.77,,1639486187,60.88
1639485237,73.98,,1639485791,57.73,,1639486188,60.92
1639485238,75.17,,1639485792,57.72,,1639486189,60.97
1639485239,76.37,,1639485793,57.72,,1639486190,61
1639485240,77.27,,1639485794,57.72,,1639486191,61.05
1639485241,78.17,,1639485795,57.72,,1639486192,61.1
1639485242,79.05,,1639485796,57.73,,1639486193,61.13
1639485243,79.95,,1639485797,57.77,,1639486194,61.2
1639485244,80.75,,1639485798,57.78,,1639486195,61.28
1639485245,81.58,,1639485799,57.8,,1639486196,61.35
1639485246,82.45,,1639485800,57.8,,1639486197,61.42
1639485247,83.33,,1639485801,57.8,,1639486198,61.48
1639485248,84.43,,1639485802,57.82,,1639486199,61.55
1639485249,85.57,,1639485803,57.85,,1639486200,61.62
1639485250,86.7,,1639485804,57.88,,1639486201,61.68
1639485251,87.82,,1639485805,57.9,,1639486202,61.75
1639485252,88.9,,1639485806,57.92,,1639486203,61.83
1639485253,89.95,,1639485807,57.93,,1639486204,61.93
1639485254,90.98,,1639485808,57.95,,1639486205,62.02
1639485255,91.98,,1639485809,57.93,,1639486206,62.1
1639485256,92.98,,1639485810,57.95,,1639486207,62.17
1639485257,93.95,,1639485811,57.97,,1639486208,62.22
1639485258,94.92,,1639485812,57.95,,1639486209,62.23
1639485259,95.87,,1639485813,57.92,,1639486210,62.22
1639485260,96.83,,1639485814,57.9,,1639486211,62.23
1639485261,97.8,,1639485815,57.92,,1639486212,62.33
1639485262,98.78,,1639485816,57.95,,1639486213,62.35
1639485263,99.78,,1639485817,57.98,,1639486214,62.4
1639485264,100.77,,1639485818,58.03,,1639486215,62.45
1639485265,101.77,,1639485819,58.07,,1639486216,62.5
1639485266,102.83,,1639485820,58.03,,1639486217,62.53
1639485267,103.93,,1639485821,58,,1639486218,62.58
1639485268,103.93,,1639485822,58.02,,1639486219,62.6
1639485269,103.95,,1639485823,58.03,,1639486220,62.62
1639485270,104.02,,1639485824,58.05,,1639486221,62.67
1639485271,104.08,,1639485825,58.05,,1639486222,62.7
1639485272,104.17,,1639485826,58.03,,1639486223,62.72
1639485273,104.25,,1639485827,58.02,,1639486224,62.77
1639485274,104.3,,1639485828,57.97,,1639486225,62.78
1639485275,104.37,,1639485829,57.93,,1639486226,62.9
1639485276,104.48,,1639485830,57.9,,1639486227,63.02
1639485277,104.6,,1639485831,57.88,,1639486228,63.17
1639485278,104.68,,1639485832,57.9,,1639486229,63.2
1639485279,104.77,,1639485833,57.92,,1639486230,63.27
1639485280,104.82,,1639485834,57.9,,1639486231,63.35
1639485281,104.83,,1639485835,57.92,,1639486232,63.4
1639485282,104.85,,1639485836,57.93,,1639486233,63.55
1639485283,104.85,,1639485837,57.95,,1639486234,63.73
1639485284,104.83,,1639485838,57.95,,1639486235,63.92
1639485285,104.8,,1639485839,57.95,,1639486236,64.1
1639485286,104.82,,1639485840,57.93,,1639486237,64.25
1639485287,104.72,,1639485841,57.92,,1639486238,64.4
1639485288,104.53,,1639485842,57.93,,1639486239,64.6
1639485289,103.3,,1639485843,57.93,,1639486240,64.78
1639485290,102.08,,1639485844,57.88,,1639486241,64.9
1639485291,100.87,,1639485845,57.85,,1639486242,65.02
1639485292,99.67,,1639485846,57.83,,1639486243,65.08
1639485293,98.48,,1639485847,57.83,,1639486244,65.13
1639485294,97.32,,1639485848,57.82,,1639486245,65.3
1639485295,96.17,,1639485849,57.83,,1639486246,65.42
1639485296,94.98,,1639485850,57.85,,1639486247,65.5
1639485297,93.8,,1639485851,57.87,,1639486248,65.63
1639485298,92.62,,1639485852,57.88,,1639486249,65.8
1639485299,91.4,,1639485853,57.9,,1639486250,66
1639485300,90.47,,1639485854,57.9,,1639486251,66.13
1639485301,89.53,,1639485855,57.93,,1639486252,66.3
1639485302,88.6,,1639485856,57.98,,1639486253,66.47
1639485303,87.63,,1639485857,58.07,,1639486254,66.58
1639485304,86.78,,1639485858,58.13,,1639486255,66.67
1639485305,86,,1639485859,58.13,,1639486256,66.83
1639485306,85.15,,1639485860,58.13,,1639486257,66.97
1639485307,84.3,,1639485861,58.1,,1639486258,67.07
1639485308,83.27,,1639485862,58,,1639486259,67.17
1639485309,82.27,,1639485863,57.87,,1639486260,67.25
1639485310,81.32,,1639485864,57.72,,1639486261,67.42
1639485311,80.4,,1639485865,57.55,,1639486262,67.55
1639485312,79.58,,1639485866,57.4,,1639486263,67.68
1639485313,78.77,,1639485867,57.27,,1639486264,67.82
1639485314,77.95,,1639485868,57.15,,1639486265,68.03
1639485315,77.1,,1639485869,57.1,,1639486266,68.25
1639485316,76.23,,1639485870,57.02,,1639486267,68.42
1639485317,75.18,,1639485871,56.93,,1639486268,68.52
1639485318,74.13,,1639485872,56.85,,1639486269,68.63
1639485319,73.05,,1639485873,56.75,,1639486270,68.7
1639485320,72.38,,1639485874,56.63,,1639486271,68.7
1639485321,71.82,,1639485875,56.45,,1639486272,68.62
1639485322,71.6,,1639485876,56.47,,1639486273,68.58
1639485323,71.4,,1639485877,56.52,,1639486274,68.53
1639485324,71.23,,1639485878,56.53,,1639486275,68.52
1639485325,71,,1639485879,56.55,,1639486276,68.48
1639485326,70.67,,1639485880,56.63,,1639486277,68.43
1639485327,70.43,,1639485881,56.72,,1639486278,68.37
1639485328,71.27,,1639485882,56.72,,1639486279,68.23
1639485329,72.1,,1639485883,56.72,,1639486280,68.12
1639485330,72.92,,,,,,
1639485331,73.73,,,,,,
1639485332,74.48,,,,,,
1639485333,75.32,,,,,,
1639485334,76.15,,,,,,
1639485335,76.63,,,,,,
1639485336,77.23,,,,,,
1639485337,77.82,,,,,,
1639485338,78.4,,,,,,
1639485339,79.28,,,,,,
1639485340,80.17,,,,,,
1639485341,81.08,,,,,,
1639485342,81.98,,,,,,
1639485343,82.88,,,,,,
1639485344,82.83,,,,,,
1639485345,82.82,,,,,,
1639485346,82.8,,,,,,
1639485347,82.78,,,,,,
1639485348,82.77,,,,,,
1639485349,82.78,,,,,,
1639485350,82.88,,,,,,
1639485351,82.97,,,,,,
1639485352,83.07,,,,,,
1639485353,83.17,,,,,,
1639485354,83.3,,,,,,
1639485355,83.43,,,,,,
1639485356,83.6,,,,,,
1639485357,83.68,,,,,,
1639485358,83.83,,,,,,
1639485359,84,,,,,,
1639485360,84.25,,,,,,
1639485361,84.47,,,,,,
1639485362,84.75,,,,,,
1639485363,85.02,,,,,,
1639485364,85.25,,,,,,
1639485365,85.38,,,,,,
1639485366,85.55,,,,,,
1639485367,85.7,,,,,,
1639485368,85.78,,,,,,
1639485369,85.85,,,,,,
1639485370,85.85,,,,,,
1639485371,85.83,,,,,,
1639485372,85.78,,,,,,
1639485373,85.8,,,,,,
1639485374,85.85,,,,,,
1639485375,85.97,,,,,,
1639485376,86.07,,,,,,
1639485377,86.37,,,,,,
1639485378,86.7,,,,,,
1639485379,87.08,,,,,,
1639485380,86.98,,,,,,
1639485381,86.85,,,,,,
1639485382,86.33,,,,,,
1639485383,85.8,,,,,,
1639485384,85.23,,,,,,
1639485385,84.7,,,,,,
1639485386,84.2,,,,,,
1639485387,83.65,,,,,,
1639485388,83.12,,,,,,
1639485389,82.38,,,,,,
1639485390,81.68,,,,,,
1639485391,81,,,,,,
1639485392,80.37,,,,,,
1639485393,80.22,,,,,,
1639485394,80.1,,,,,,
1639485395,80.28,,,,,,
1639485396,80.3,,,,,,
1639485397,80.32,,,,,,
1639485398,80.32,,,,,,
1639485399,79.97,,,,,,
1639485400,79.6,,,,,,
1639485401,79.3,,,,,,
1639485402,79,,,,,,
1639485403,78.68,,,,,,
1639485404,79.3,,,,,,
1639485405,79.88,,,,,,
1639485406,80.48,,,,,,
1639485407,81.18,,,,,,
1639485408,81.72,,,,,,
1639485409,82.2,,,,,,
1639485410,82.65,,,,,,
1639485411,83.15,,,,,,
1639485412,83.62,,,,,,
1639485413,83.83,,,,,,
1639485414,83.98,,,,,,
1639485415,83.78,,,,,,
1639485416,83.58,,,,,,
1639485417,83.5,,,,,,
1639485418,83.35,,,,,,
1639485419,83.2,,,,,,
1639485420,82.95,,,,,,
1639485421,82.72,,,,,,
1639485422,82.43,,,,,,
1639485423,82.18,,,,,,
1639485424,81.93,,,,,,
1639485425,81.67,,,,,,
1639485426,81.38,,,,,,
1639485427,81.08,,,,,,
1639485428,80.85,,,,,,
1639485429,80.58,,,,,,
1639485430,80.35,,,,,,
1639485431,80.1,,,,,,
1639485432,79.83,,,,,,
1639485433,79.52,,,,,,
1639485434,79.17,,,,,,
1639485435,78.78,,,,,,
1639485436,78.42,,,,,,
1639485437,78.05,,,,,,
1639485438,77.65,,,,,,
1639485439,77.23,,,,,,
1639485440,76.83,,,,,,
1639485441,76.37,,,,,,
1639485442,75.93,,,,,,
1639485443,75.48,,,,,,
1639485444,75.03,,,,,,
1639485445,74.6,,,,,,
1639485446,74.18,,,,,,
1639485447,73.72,,,,,,
1639485448,73.28,,,,,,
1639485449,73.03,,,,,,
1639485450,72.75,,,,,,
1639485451,72.48,,,,,,
1639485452,72.22,,,,,,
1639485453,71.38,,,,,,
1639485454,70.52,,,,,,
1639485455,69.67,,,,,,
1639485456,68.87,,,,,,
1639485457,68.08,,,,,,
1639485458,67.3,,,,,,
1639485459,66.57,,,,,,
1639485460,65.85,,,,,,
1639485461,65.07,,,,,,
1639485462,64.3,,,,,,
1639485463,63.58,,,,,,
1639485464,62.92,,,,,,
1639485465,62.28,,,,,,
1639485466,61.67,,,,,,
1639485467,60.95,,,,,,
1639485468,60.4,,,,,,
1639485469,59.85,,,,,,
1639485470,59.23,,,,,,
1639485471,59.47,,,,,,
1639485472,59.7,,,,,,
1639485473,60.17,,,,,,
1639485474,60.6,,,,,,
1639485475,61.38,,,,,,
1639485476,62.17,,,,,,
1639485477,62.95,,,,,,
1639485478,63.77,,,,,,
1639485479,64.6,,,,,,
1639485480,65.45,,,,,,
1639485481,66.32,,,,,,
1639485482,67.22,,,,,,
1639485483,68.13,,,,,,
1639485484,69.05,,,,,,
1639485485,70,,,,,,
1639485486,70.98,,,,,,
1639485487,72,,,,,,
1639485488,73,,,,,,
1639485489,74.02,,,,,,
1639485490,74.98,,,,,,
1639485491,75.97,,,,,,
1639485492,76.93,,,,,,
1639485493,77.92,,,,,,
1639485494,78.87,,,,,,
1639485495,79.85,,,,,,
1639485496,80.85,,,,,,
1639485497,81.85,,,,,,
1639485498,82.85,,,,,,
1639485499,83.72,,,,,,
1639485500,84.62,,,,,,
1639485501,85.52,,,,,,
1639485502,86.42,,,,,,
1639485503,87.32,,,,,,
1639485504,88.22,,,,,,
1639485505,89.1,,,,,,
1639485506,89.97,,,,,,
1639485507,90.8,,,,,,
1639485508,91.63,,,,,,
1639485509,92.47,,,,,,
1639485510,93.33,,,,,,
1639485511,94.18,,,,,,
1639485512,95.05,,,,,,
1639485513,95.92,,,,,,
1639485514,96.78,,,,,,
1639485515,97.65,,,,,,
1639485516,98.47,,,,,,
1639485517,99.27,,,,,,
1639485518,100.08,,,,,,
1639485519,100.9,,,,,,
1639485520,101.75,,,,,,
1639485521,102.58,,,,,,
1639485522,103.42,,,,,,
1639485523,104.23,,,,,,
1639485524,105.05,,,,,,
1639485525,105.87,,,,,,
1639485526,106.67,,,,,,
1639485527,107.53,,,,,,
1639485528,108.42,,,,,,
1639485529,109.37,,,,,,
1639485530,110.33,,,,,,
1639485531,110.38,,,,,,
1639485532,110.45,,,,,,
1639485533,110.57,,,,,,
1639485534,110.65,,,,,,
1639485535,110.7,,,,,,
1639485536,110.75,,,,,,
1639485537,110.77,,,,,,
1639485538,110.47,,,,,,
1639485539,110.12,,,,,,
1639485540,109.75,,,,,,
1639485541,109.42,,,,,,
1639485542,109.02,,,,,,
1639485543,108.63,,,,,,
1639485544,108.32,,,,,,
1639485545,108.02,,,,,,
1639485546,107.82,,,,,,
1639485547,107.73,,,,,,
1639485548,107.65,,,,,,
1639485549,107.58,,,,,,
1639485550,107.53,,,,,,
1639485551,107.48,,,,,,
1639485552,106.5,,,,,,
1639485553,105.53,,,,,,
1639485554,104.62,,,,,,
1639485555,103.67,,,,,,
1639485556,102.68,,,,,,
1639485557,101.68,,,,,,
1639485558,100.72,,,,,,
1639485559,99.8,,,,,,
1639485560,98.83,,,,,,
1639485561,97.85,,,,,,
1639485562,96.85,,,,,,
1639485563,95.85,,,,,,
1639485564,94.85,,,,,,
1639485565,93.88,,,,,,
1639485566,92.92,,,,,,
1639485567,92.13,,,,,,
1639485568,91.42,,,,,,
1639485569,90.75,,,,,,
1639485570,90.03,,,,,,
1639485571,89.37,,,,,,
1639485572,88.95,,,,,,
1639485573,88.48,,,,,,
1639485574,88,,,,,,
1639485575,87.55,,,,,,
1639485576,87.1,,,,,,
1639485577,86.65,,,,,,
1639485578,86.23,,,,,,
1639485579,85.55,,,,,,
1639485580,84.87,,,,,,
1639485581,84.12,,,,,,
1639485582,83.33,,,,,,
,,,,,,,
,,,,,,,
,,,,,,,
,,,,,,,
,,,,,,,
,,,,,,,
,,,,,,,
,,,,,,,
,,,,,,,
,,,,,,,
,,,,,,,
,,,,,,,
,,,,,,,
,,,,,,,
,,,,,,,
,,,,,,,
,,,,,,,
,,,,,,,
,,,,,,,
,,,,,,,
,,,,,,,
,,,,,,,
,,,,,,,
,,,,,,,
,,,,,,,
,,,,,,,
,,,,,,,
,,,,,,,
,,,,,,,
,,,,,,,
,,,,,,,
,,,,,,,
,,,,,,,
,,,,,,,
,,,,,,,
,,,,,,,
,,,,,,,
,,,,,,,
,,,,,,,
,,,,,,,
,,,,,,,
,,,,,,,
,,,,,,,
,,,,,,,
,,,,,,,
,,,,,,,
,,,,,,,
,,,,,,,
,,,,,,,
,,,,,,,
,,,,,,,
,,,,,,,
,,,,,,,
,,,,,,,
,,,,,,,
,,,,,,,
,,,,,,,
,,,,,,,
,,,,,,,
,,,,,,,
,,,,,,,
,,,,,,,
,,,,,,,
,,,,,,,
,,,,,,,
,,,,,,,
,,,,,,,
,,,,,,,
,,,,,,,
,,,,,,,
,,,,,,,
,,,,,,,
,,,,,,,
,,,,,,,
,,,,,,,
,,,,,,,
,,,,,,,
,,,,,,,
,,,,,,,
,,,,,,,
,,,,,,,
,,,,,,,
,,,,,,,
,,,,,,,
,,,,,,,
,,,,,,,
,,,,,,,
,,,,,,,
,,,,,,,
,,,,,,,
,,,,,,,
,,,,,,,
,,,,,,,
,,,,,,,
,,,,,,,
,,,,,,,
,,,,,,,
,,,,,,,
,,,,,,,
,,,,,,,
,,,,,,,
,,,,,,,
,,,,,,,
,,,,,,,
,,,,,,,
,,,,,,,
,,,,,,,
,,,,,,,
,,,,,,,
,,,,,,,
,,,,,,,
,,,,,,,
,,,,,,,
,,,,,,,
,,,,,,,
,,,,,,,
,,,,,,,
,,,,,,,
,,,,,,,
,,,,,,,
,,,,,,,
,,,,,,,
,,,,,,,
,,,,,,,
,,,,,,,
,,,,,,,
,,,,,,,
,,,,,,,
,,,,,,,
,,,,,,,
,,,,,,,
,,,,,,,
,,,,,,,
,,,,,,,
,,,,,,,
,,,,,,,
,,,,,,,
,,,,,,,
,,,,,,,
,,,,,,,
,,,,,,,
,,,,,,,
,,,,,,,
,,,,,,,
,,,,,,,
,,,,,,,
,,,,,,,
,,,,,,,
,,,,,,,
,,,,,,,
,,,,,,,
,,,,,,,
,,,,,,,
,,,,,,,
,,,,,,,
,,,,,,,
,,,,,,,
,,,,,,,
,,,,,,,
,,,,,,,
,,,,,,,
,,,,,,,
,,,,,,,
,,,,,,,
,,,,,,,
,,,,,,,
,,,,,,,
,,,,,,,
,,,,,,,
,,,,,,,
,,,,,,,
,,,,,,,
,,,,,,,
,,,,,,,
,,,,,,,
,,,,,,,
,,,,,,,
,,,,,,,
,,,,,,,
,,,,,,,
,,,,,,,
,,,,,,,
,,,,,,,
,,,,,,,
,,,,,,,
,,,,,,,
,,,,,,,
,,,,,,,
,,,,,,,
,,,,,,,
,,,,,,,
,,,,,,,
,,,,,,,
,,,,,,,
,,,,,,,
,,,,,,,
,,,,,,,
,,,,,,,
,,,,,,,
,,,,,,,
,,,,,,,
,,,,,,,
,,,,,,,
,,,,,,,
,,,,,,,
,,,,,,,
,,,,,,,
,,,,,,,
,,,,,,,
,,,,,,,
,,,,,,,
,,,,,,,
,,,,,,,
,,,,,,,
,,,,,,,
,,,,,,,
,,,,,,,
,,,,,,,
,,,,,,,
,,,,,,,
,,,,,,,
,,,,,,,
,,,,,,,
,,,,,,,
,,,,,,,
,,,,,,,
,,,,,,,
,,,,,,,
,,,,,,,
,,,,,,,
,,,,,,,
,,,,,,,
,,,,,,,
,,,,,,,
,,,,,,,
,,,,,,,
,,,,,,,
,,,,,,,
,,,,,,,
,,,,,,,
,,,,,,,
,,,,,,,
,,,,,,,
,,,,,,,
,,,,,,,
,,,,,,,
,,,,,,,
,,,,,,,
,,,,,,,
,,,,,,,
,,,,,,,
,,,,,,,
,,,,,,,
,,,,,,,
,,,,,,,
,,,,,,,
,,,,,,,
,,,,,,,
,,,,,,,
,,,,,,,
,,,,,,,
,,,,,,,
,,,,,,,
,,,,,,,
,,,,,,,
,,,,,,,
,,,,,,,
,,,,,,,
,,,,,,,
,,,,,,,
,,,,,,,
,,,,,,,
,,,,,,,
,,,,,,,
,,,,,,,
,,,,,,,
,,,,,,,
,,,,,,,
,,,,,,,
,,,,,,,
,,,,,,,
,,,,,,,
,,,,,,,
,,,,,,,
,,,,,,,
,,,,,,,
,,,,,,,
,,,,,,,
,,,,,,,
,,,,,,,
,,,,,,,
,,,,,,,
,,,,,,,
,,,,,,,
,,,,,,,
,,,,,,,
,,,,,,,
,,,,,,,
,,,,,,,
,,,,,,,
,,,,,,,
1639485884,56.7,,,,,,
1639485885,56.7,,,,,,
1639485886,56.72,,,,,,
1639485887,56.73,,,,,,
1639485888,56.77,,,,,,
1639485889,56.8,,,,,,
1639485890,56.83,,,,,,
1639485891,56.83,,,,,,
1639485892,56.82,,,,,,
1639485893,56.82,,,,,,
1639485894,56.87,,,,,,
1639485895,56.9,,,,,,
1639485896,56.95,,,,,,
1639485897,57,,,,,,
1639485898,57.05,,,,,,
1639485899,57.1,,,,,,
1639485900,57.17,,,,,,
1639485901,57.22,,,,,,
1639485902,57.23,,,,,,
1639485903,57.27,,,,,,
1639485904,57.32,,,,,,
1639485905,57.37,,,,,,
1639485906,57.4,,,,,,
1639485907,57.42,,,,,,
1639485908,57.43,,,,,,
1639485909,57.43,,,,,,
1639485910,57.45,,,,,,
1639485911,57.47,,,,,,
1639485912,57.47,,,,,,
1639485913,57.48,,,,,,
1639485914,57.53,,,,,,
1639485915,57.55,,,,,,
1639485916,57.55,,,,,,
1639485917,57.52,,,,,,
1639485918,57.5,,,,,,
1639485919,57.55,,,,,,
1639485920,57.62,,,,,,
1639485921,57.7,,,,,,
1639485922,57.83,,,,,,
1639485923,57.97,,,,,,
1639485924,58.1,,,,,,
1639485925,58.25,,,,,,
1639485926,58.38,,,,,,
1639485927,58.5,,,,,,
1639485928,58.6,,,,,,
1639485929,58.67,,,,,,
1639485930,58.77,,,,,,
1639485931,58.87,,,,,,
1639485932,59,,,,,,
1639485933,59.18,,,,,,
1639485934,59.37,,,,,,
1639485935,59.57,,,,,,
1639485936,59.55,,,,,,
1639485937,59.5,,,,,,
1639485938,59.47,,,,,,
1639485939,59.45,,,,,,
1639485940,59.42,,,,,,
1639485941,59.4,,,,,,
1639485942,59.42,,,,,,
1639485943,59.45,,,,,,
1639485944,59.52,,,,,,
1639485945,59.7,,,,,,
1639485946,59.88,,,,,,
1639485947,60,,,,,,
1639485948,60.13,,,,,,
1639485949,60.28,,,,,,
1639485950,60.43,,,,,,
1639485951,60.62,,,,,,
1639485952,60.82,,,,,,
1639485953,61.02,,,,,,
1639485954,61.17,,,,,,
1639485955,61.47,,,,,,
1639485956,61.77,,,,,,
1639485957,62.07,,,,,,
1639485958,62.37,,,,,,
1639485959,62.67,,,,,,
1639485960,62.93,,,,,,
1639485961,63.15,,,,,,
1639485962,63.28,,,,,,
1639485963,63.37,,,,,,
1639485964,63.47,,,,,,
1639485965,63.53,,,,,,
1639485966,63.62,,,,,,
1639485967,63.7,,,,,,
1639485968,63.78,,,,,,
1639485969,63.85,,,,,,
1639485970,63.9,,,,,,
1639485971,63.95,,,,,,
1639485972,64.02,,,,,,
1639485973,64.1,,,,,,
1639485974,64.15,,,,,,
1639485975,64.22,,,,,,
1639485976,64.28,,,,,,
1639485977,64.32,,,,,,
1639485978,64.35,,,,,,
1639485979,64.38,,,,,,
,,,,,,,
,,,,,,,
,,,,,,,
,,,,,,,
,,,,,,,
,,,,,,,
,,,,,,,
,,,,,,,
,,,,,,,
,,,,,,,
,,,,,,,
,,,,,,,
,,,,,,,
,,,,,,,
,,,,,,,
,,,,,,,
,,,,,,,
,,,,,,,
,,,,,,,
,,,,,,,
,,,,,,,
,,,,,,,
,,,,,,,
,,,,,,,
,,,,,,,
,,,,,,,
,,,,,,,
,,,,,,,
,,,,,,,
,,,,,,,
,,,,,,,
,,,,,,,
,,,,,,,
,,,,,,,
,,,,,,,
,,,,,,,
,,,,,,,
,,,,,,,
,,,,,,,
,,,,,,,
,,,,,,,
,,,,,,,
,,,,,,,
,,,,,,,
,,,,,,,
,,,,,,,
,,,,,,,
,,,,,,,
,,,,,,,
,,,,,,,
,,,,,,,
,,,,,,,
,,,,,,,
,,,,,,,
,,,,,,,
,,,,,,,
,,,,,,,
,,,,,,,
,,,,,,,
,,,,,,,
,,,,,,,
,,,,,,,
,,,,,,,
,,,,,,,
,,,,,,,
,,,,,,,
,,,,,,,
,,,,,,,
,,,,,,,
,,,,,,,
,,,,,,,
,,,,,,,
,,,,,,,
,,,,,,,
,,,,,,,
,,,,,,,
,,,,,,,
,,,,,,,
,,,,,,,
,,,,,,,
,,,,,,,
,,,,,,,
,,,,,,,
,,,,,,,
,,,,,,,
,,,,,,,
,,,,,,,
,,,,,,,
,,,,,,,
,,,,,,,
,,,,,,,
,,,,,,,
,,,,,,,
,,,,,,,
,,,,,,,
,,,,,,,
,,,,,,,
,,,,,,,
,,,,,,,
,,,,,,,
,,,,,,,
,,,,,,,
,,,,,,,
,,,,,,,
,,,,,,,
,,,,,,,
,,,,,,,
,,,,,,,
,,,,,,,
,,,,,,,
,,,,,,,
,,,,,,,
,,,,,,,
,,,,,,,
,,,,,,,
,,,,,,,
,,,,,,,
,,,,,,,
,,,,,,,
,,,,,,,
,,,,,,,
,,,,,,,
,,,,,,,
,,,,,,,
,,,,,,,
,,,,,,,
,,,,,,,
,,,,,,,
,,,,,,,
,,,,,,,
,,,,,,,
,,,,,,,
,,,,,,,
,,,,,,,
,,,,,,,
,,,,,,,
,,,,,,,
,,,,,,,
,,,,,,,
,,,,,,,
,,,,,,,
,,,,,,,
,,,,,,,
,,,,,,,
,,,,,,,
,,,,,,,
,,,,,,,
,,,,,,,
,,,,,,,
,,,,,,,
,,,,,,,
,,,,,,,
,,,,,,,
,,,,,,,
,,,,,,,
,,,,,,,
,,,,,,,
,,,,,,,
,,,,,,,
,,,,,,,
,,,,,,,
,,,,,,,
,,,,,,,
,,,,,,,
,,,,,,,
,,,,,,,
,,,,,,,
,,,,,,,
,,,,,,,
,,,,,,,
,,,,,,,
,,,,,,,
,,,,,,,
,,,,,,,
,,,,,,,
,,,,,,,
,,,,,,,
,,,,,,,
,,,,,,,
,,,,,,,
,,,,,,,
,,,,,,,
,,,,,,,
,,,,,,,
,,,,,,,
,,,,,,,
,,,,,,,
,,,,,,,
,,,,,,,
,,,,,,,
,,,,,,,
,,,,,,,
,,,,,,,
,,,,,,,
,,,,,,,
,,,,,,,
,,,,,,,
,,,,,,,
,,,,,,,
,,,,,,,
,,,,,,,
,,,,,,,
,,,,,,,
,,,,,,,
,,,,,,,
,,,,,,,
,,,,,,,
,,,,,,,
,,,,,,,
,,,,,,,
,,,,,,,
,,,,,,,
,,,,,,,
,,,,,,,
,,,,,,,
,,,,,,,
,,,,,,,
,,,,,,,
,,,,,,,
,,,,,,,
,,,,,,,
,,,,,,,
,,,,,,,
,,,,,,,
,,,,,,,
,,,,,,,
,,,,,,,
,,,,,,,
,,,,,,,
,,,,,,,
,,,,,,,
,,,,,,,
,,,,,,,
,,,,,,,
,,,,,,,
,,,,,,,
,,,,,,,
,,,,,,,
,,,,,,,
,,,,,,,
,,,,,,,
,,,,,,,
,,,,,,,
,,,,,,,
,,,,,,,
,,,,,,,
,,,,,,,
,,,,,,,
,,,,,,,
,,,,,,,
,,,,,,,
,,,,,,,
,,,,,,,
,,,,,,,
,,,,,,,
,,,,,,,
,,,,,,,
,,,,,,,
,,,,,,,
,,,,,,,
,,,,,,,
,,,,,,,
,,,,,,,
,,,,,,,
,,,,,,,
,,,,,,,
,,,,,,,
,,,,,,,
,,,,,,,
,,,,,,,
,,,,,,,
,,,,,,,
,,,,,,,
,,,,,,,
,,,,,,,
,,,,,,,
,,,,,,,
,,,,,,,
,,,,,,,
,,,,,,,
,,,,,,,
,,,,,,,
,,,,,,,
,,,,,,,
,,,,,,,
,,,,,,,
,,,,,,,
,,,,,,,
,,,,,,,
,,,,,,,
,,,,,,,
,,,,,,,
,,,,,,,
,,,,,,,
,,,,,,,
,,,,,,,
,,,,,,,
,,,,,,,
,,,,,,,
,,,,,,,
,,,,,,,
1639486281,67.98,,,,,,
1639486282,67.85,,,,,,
1639486283,67.7,,,,,,
1639486284,67.57,,,,,,
1639486285,67.47,,,,,,
1639486286,67.3,,,,,,
1639486287,67.15,,,,,,
1639486288,66.97,,,,,,
1639486289,66.78,,,,,,
1639486290,66.57,,,,,,
1639486291,66.32,,,,,,
1639486292,66.18,,,,,,
1639486293,65.98,,,,,,
1639486294,65.73,,,,,,
1639486295,65.45,,,,,,
1639486296,65.13,,,,,,
1639486297,65.27,,,,,,
1639486298,65.42,,,,,,
1639486299,65.52,,,,,,
1639486300,65.63,,,,,,
1639486301,65.73,,,,,,
1639486302,65.83,,,,,,
1639486303,65.97,,,,,,
1639486304,66.08,,,,,,
1639486305,66.22,,,,,,
1639486306,66.37,,,,,,
1639486307,66.57,,,,,,
1639486308,66.73,,,,,,
1639486309,66.83,,,,,,
1639486310,66.92,,,,,,
1639486311,67.12,,,,,,
1639486312,67.35,,,,,,
1639486313,67.53,,,,,,
1639486314,67.78,,,,,,
1639486315,68,,,,,,
1639486316,68.1,,,,,,
1639486317,68.28,,,,,,
1639486318,68.5,,,,,,
1639486319,68.68,,,,,,
1639486320,68.88,,,,,,
1639486321,68.97,,,,,,
1639486322,69.12,,,,,,
1639486323,69.2,,,,,,
1639486324,69.23,,,,,,
1639486325,69.23,,,,,,
1639486326,69.23,,,,,,
1639486327,69.28,,,,,,
1639486328,69.4,,,,,,
1639486329,69.47,,,,,,
1639486330,69.58,,,,,,
1639486331,69.73,,,,,,
1639486332,69.83,,,,,,
1639486333,70,,,,,,
1639486334,70.13,,,,,,
1639486335,70.23,,,,,,
1639486336,70.33,,,,,,
1639486337,70.43,,,,,,
1639486338,70.55,,,,,,
1639486339,70.82,,,,,,
1639486340,71.05,,,,,,
1639486341,71.27,,,,,,
1639486342,71.5,,,,,,
1639486343,71.77,,,,,,
1639486344,72.03,,,,,,
1639486345,72.02,,,,,,
1639486346,71.97,,,,,,
1639486347,71.92,,,,,,
1639486348,71.87,,,,,,
1639486349,71.85,,,,,,
1639486350,71.83,,,,,,
1639486351,71.85,,,,,,
1639486352,71.85,,,,,,
1639486353,71.87,,,,,,
1639486354,71.88,,,,,,
1639486355,71.93,,,,,,
1639486356,71.98,,,,,,
1639486357,71.62,,,,,,
1639486358,71.22,,,,,,
1639486359,70.83,,,,,,
1639486360,70.45,,,,,,
1639486361,70.15,,,,,,
1639486362,69.83,,,,,,
1639486363,69.52,,,,,,
1639486364,69.22,,,,,,
1639486365,68.78,,,,,,
1639486366,68.38,,,,,,
1639486367,67.97,,,,,,
1639486368,67.57,,,,,,
1639486369,67.23,,,,,,
1639486370,66.92,,,,,,
1639486371,66.58,,,,,,
1639486372,66.2,,,,,,
1639486373,65.88,,,,,,
1639486374,65.52,,,,,,
1639486375,65.2,,,,,,
1639486376,64.92,,,,,,
1639486377,64.58,,,,,,
1639486378,64.23,,,,,,
1639486379,63.9,,,,,,
1639486380,63.53,,,,,,
1639486381,63.22,,,,,,
1639486382,62.87,,,,,,
1639486383,62.57,,,,,,
1639486384,62.3,,,,,,
1639486385,61.98,,,,,,
1639486386,61.67,,,,,,
1639486387,61.42,,,,,,
1639486388,61.17,,,,,,
1639486389,60.97,,,,,,
1639486390,60.78,,,,,,
1639486391,60.6,,,,,,
1639486392,60.45,,,,,,
1639486393,60.25,,,,,,
1639486394,60.07,,,,,,
1639486395,59.88,,,,,,
1639486396,59.68,,,,,,
1639486397,59.5,,,,,,
1639486398,59.27,,,,,,
1639486399,58.92,,,,,,
1639486400,58.58,,,,,,
1639486401,58.27,,,,,,
1639486402,57.93,,,,,,
1639486403,57.58,,,,,,
1639486404,57.22,,,,,,
1639486405,57.13,,,,,,
1639486406,57.03,,,,,,
1639486407,56.95,,,,,,
1639486408,56.87,,,,,,
1639486409,56.75,,,,,,
1639486410,56.63,,,,,,
1639486411,56.52,,,,,,
1639486412,56.43,,,,,,
1639486413,56.37,,,,,,
1639486414,56.3,,,,,,
1639486415,56.27,,,,,,
1639486416,56.25,,,,,,
1639486417,56.25,,,,,,
1639486418,56.28,,,,,,
1639486419,56.3,,,,,,
1639486420,56.32,,,,,,
1639486421,56.33,,,,,,
1639486422,56.37,,,,,,
1639486423,56.4,,,,,,
1639486424,56.43,,,,,,
1639486425,56.47,,,,,,
1639486426,56.5,,,,,,
1639486427,56.55,,,,,,
1639486428,56.55,,,,,,
1639486429,56.52,,,,,,
1639486430,56.45,,,,,,
1639486431,56.4,,,,,,
1639486432,56.38,,,,,,
1639486433,56.37,,,,,,
1639486434,56.37,,,,,,
1639486435,56.38,,,,,,
1639486436,56.42,,,,,,
1639486437,56.47,,,,,,
1639486438,56.52,,,,,,
1639486439,56.57,,,,,,
1639486440,56.63,,,,,,
1639486441,56.67,,,,,,
1639486442,56.68,,,,,,
1639486443,56.68,,,,,,
1639486444,56.65,,,,,,
1639486445,56.62,,,,,,
1639486446,56.57,,,,,,
1639486447,56.45,,,,,,
1639486448,56.35,,,,,,
1639486449,56.23,,,,,,
1639486450,56.13,,,,,,
1639486451,56.03,,,,,,
1639486452,55.93,,,,,,
1639486453,55.82,,,,,,
1639486454,55.7,,,,,,
1639486455,55.58,,,,,,
1639486456,55.47,,,,,,
1639486457,55.35,,,,,,
1639486458,55.27,,,,,,
1639486459,55.22,,,,,,
1639486460,55.17,,,,,,
1639486461,55.13,,,,,,
1639486462,55.1,,,,,,
1639486463,55.05,,,,,,
1639486464,55.02,,,,,,
1639486465,54.98,,,,,,
1639486466,54.98,,,,,,
1639486467,55.05,,,,,,
1639486468,55.08,,,,,,
1639486469,55.13,,,,,,
1639486470,55.22,,,,,,
1639486471,55.32,,,,,,
1639486472,55.42,,,,,,
1639486473,55.5,,,,,,
1639486474,55.62,,,,,,
1639486475,55.73,,,,,,
1639486476,55.87,,,,,,
1639486477,56,,,,,,
1639486478,56.1,,,,,,
1639486479,56.38,,,,,,
1639486480,56.7,,,,,,
1639486481,57.02,,,,,,
1639486482,57.22,,,,,,
1639486483,57.42,,,,,,
1639486484,57.63,,,,,,
1639486485,57.87,,,,,,
1639486486,58.12,,,,,,
1639486487,58.43,,,,,,
1639486488,58.8,,,,,,
1639486489,59.17,,,,,,
1639486490,59.52,,,,,,
1639486491,59.85,,,,,,
1639486492,60.15,,,,,,
1639486493,60.42,,,,,,
1639486494,60.6,,,,,,
1639486495,60.8,,,,,,
1639486496,61,,,,,,
1639486497,61.2,,,,,,
1639486498,61.38,,,,,,
1639486499,61.58,,,,,,
1639486500,,,,,,,
1639486501,,,,,,,
