1584027397,91,,1584028045,117.9,,1584028386,110.32
1584027398,100,,1584028046,117.87,,1584028387,110.32
1584027399,91.67,,1584028047,117.83,,1584028388,110.35
1584027400,92.5,,1584028048,117.8,,1584028389,110.42
1584027401,83.8,,1584028049,117.77,,1584028390,110.5
1584027402,88.83,,1584028050,117.75,,1584028391,110.6
1584027403,92.29,,1584028051,117.75,,1584028392,110.68
1584027404,94.75,,1584028052,117.77,,1584028393,110.77
1584027405,96.78,,1584028053,117.78,,1584028394,110.87
1584027406,98.5,,1584028054,117.8,,1584028395,110.95
1584027407,100.18,,1584028055,117.8,,1584028396,111.05
1584027408,101.67,,1584028056,117.78,,1584028397,111.15
1584027409,102.92,,1584028057,117.73,,1584028398,111.25
1584027410,103.93,,1584028058,117.68,,1584028399,111.35
1584027411,104.73,,1584028059,117.63,,1584028400,111.42
1584027412,105.56,,1584028060,117.6,,1584028401,111.45
1584027413,105.59,,1584028061,117.6,,1584028402,111.43
1584027414,105.72,,1584028062,117.6,,1584028403,111.38
1584027415,105.84,,1584028063,117.63,,1584028404,111.28
1584027416,105.85,,1584028064,117.65,,1584028405,111.15
1584027417,105.81,,1584028065,117.58,,1584028406,111.03
1584027418,104.95,,1584028066,117.52,,1584028407,110.92
1584027419,104,,1584028067,117.45,,1584028408,110.83
1584027420,102.88,,1584028068,117.37,,1584028409,110.77
1584027421,102,,1584028069,117.28,,1584028410,110.73
1584027422,101.35,,1584028070,117.23,,1584028411,110.72
1584027423,100.93,,1584028071,117.23,,1584028412,110.72
1584027424,100.54,,1584028072,117.2,,1584028413,110.72
1584027425,100.34,,1584028073,117.2,,1584028414,110.73
1584027426,100.07,,1584028074,117.2,,1584028415,110.75
1584027427,99.94,,1584028075,117.17,,1584028416,110.77
1584027428,99.75,,1584028076,117.13,,1584028417,110.78
1584027429,99.67,,1584028077,117.07,,1584028418,110.8
1584027430,99.74,,1584028078,116.95,,1584028419,110.8
1584027431,99.8,,1584028079,116.82,,1584028420,110.78
1584027432,100,,1584028080,116.68,,1584028421,110.78
1584027433,100.14,,1584028081,116.55,,1584028422,110.78
1584027434,100.18,,1584028082,116.4,,1584028423,110.78
1584027435,100.21,,1584028083,116.28,,1584028424,110.8
1584027436,100.32,,1584028084,116.23,,1584028425,110.83
1584027437,100.46,,1584028085,116.22,,1584028426,110.88
1584027438,100.69,,1584028086,116.25,,1584028427,110.93
1584027439,100.93,,1584028087,116.32,,1584028428,110.98
1584027440,101.18,,1584028088,116.4,,1584028429,111.02
1584027441,101.42,,1584028089,116.47,,1584028430,111.05
1584027442,101.63,,1584028090,116.52,,1584028431,111.07
1584027443,101.83,,1584028091,116.55,,1584028432,111.08
1584027444,102.02,,1584028092,116.55,,1584028433,111.1
1584027445,102.35,,1584028093,116.53,,1584028434,111.13
1584027446,102.64,,1584028094,116.52,,1584028435,111.17
1584027447,102.92,,1584028095,116.52,,1584028436,111.2
1584027448,103.19,,1584028096,116.52,,1584028437,111.23
1584027449,103.47,,1584028097,116.53,,1584028438,111.27
1584027450,103.76,,1584028098,116.57,,1584028439,111.28
1584027451,104.05,,1584028099,116.6,,1584028440,111.32
1584027452,104.34,,1584028100,116.63,,1584028441,111.35
1584027453,104.63,,1584028101,116.63,,1584028442,111.37
1584027454,104.91,,1584028102,116.6,,1584028443,111.38
1584027455,105.19,,1584028103,116.55,,1584028444,111.43
1584027456,105.45,,1584028104,116.47,,1584028445,111.5
1584027457,105.95,,1584028105,116.38,,1584028446,111.57
1584027458,106.15,,1584028106,116.3,,1584028447,111.62
1584027459,106.93,,1584028107,116.25,,1584028448,111.65
1584027460,107.38,,1584028108,116.22,,1584028449,111.67
1584027461,108.6,,1584028109,116.18,,1584028450,111.67
1584027462,108.73,,1584028110,116.18,,1584028451,111.67
1584027463,108.88,,1584028111,116.18,,1584028452,111.67
1584027464,109.03,,1584028112,116.17,,1584028453,111.65
1584027465,109.17,,1584028113,116.15,,1584028454,111.62
1584027466,109.27,,1584028114,116.13,,1584028455,111.57
1584027467,109.32,,1584028115,116.08,,1584028456,111.48
1584027468,109.35,,1584028116,116.03,,1584028457,111.38
1584027469,109.38,,1584028117,115.98,,1584028458,111.28
1584027470,109.43,,1584028118,115.92,,1584028459,111.18
1584027471,109.5,,1584028119,115.87,,1584028460,111.1
1584027472,109.53,,1584028120,115.83,,1584028461,111.05
1584027473,109.77,,1584028121,115.77,,1584028462,111.03
1584027474,109.97,,1584028122,115.7,,1584028463,111.03
1584027475,110.17,,1584028123,115.62,,1584028464,111.07
1584027476,110.4,,1584028124,115.55,,1584028465,111.1
1584027477,110.65,,1584028125,115.55,,1584028466,111.1
1584027478,111.2,,1584028126,115.55,,1584028467,111.07
1584027479,111.82,,1584028127,115.53,,1584028468,111.02
1584027480,112.53,,1584028128,115.52,,1584028469,110.95
1584027481,113.18,,1584028129,115.52,,1584028470,110.88
1584027482,113.75,,1584028130,115.5,,1584028471,110.83
1584027483,114.22,,1584028131,115.45,,1584028472,110.82
1584027484,114.68,,1584028132,115.42,,1584028473,110.82
1584027485,115.08,,1584028133,115.38,,1584028474,110.83
1584027486,115.53,,1584028134,115.35,,1584028475,110.85
1584027487,115.93,,1584028135,115.35,,1584028476,110.85
1584027488,116.37,,1584028136,115.35,,1584028477,110.85
1584027489,116.75,,1584028137,115.37,,1584028478,110.82
1584027490,117.05,,1584028138,115.42,,1584028479,110.78
1584027491,117.33,,1584028139,115.48,,1584028480,110.73
1584027492,117.53,,1584028140,115.55,,1584028481,110.67
1584027493,117.77,,1584028141,115.62,,1584028482,110.6
1584027494,118.05,,1584028142,115.68,,1584028483,110.53
1584027495,118.37,,1584028143,115.73,,1584028484,110.48
1584027496,118.62,,1584028144,115.75,,1584028485,110.43
1584027497,118.87,,1584028145,115.75,,1584028486,110.38
1584027498,119.05,,1584028146,115.72,,1584028487,110.35
1584027499,119.22,,1584028147,115.67,,1584028488,110.3
1584027500,119.37,,1584028148,115.6,,1584028489,110.27
1584027501,119.52,,1584028149,115.53,,1584028490,110.22
1584027502,119.67,,1584028150,115.45,,1584028491,110.18
1584027503,119.82,,1584028151,115.37,,1584028492,110.17
1584027504,119.97,,1584028152,115.3,,1584028493,110.15
1584027505,120,,1584028153,115.22,,1584028494,110.13
1584027506,120.05,,1584028154,115.13,,1584028495,110.13
1584027507,120.1,,1584028155,115.05,,1584028496,110.15
1584027508,120.15,,1584028156,114.97,,1584028497,110.17
1584027509,120.18,,1584028157,114.9,,1584028498,110.2
1584027510,120.22,,1584028158,114.85,,1584028499,110.25
1584027511,120.23,,1584028159,114.82,,1584028500,110.3
1584027512,120.25,,1584028160,114.8,,1584028501,110.35
1584027513,120.25,,1584028161,114.82,,1584028502,110.4
1584027514,120.25,,1584028162,114.87,,1584028503,110.47
1584027515,120.23,,1584028163,114.92,,1584028504,110.53
1584027516,120.22,,1584028164,114.98,,1584028505,110.6
1584027517,120.18,,1584028165,115.05,,1584028506,110.67
1584027518,120.13,,1584028166,115.1,,1584028507,110.73
1584027519,120.07,,1584028167,115.1,,1584028508,110.78
1584027520,120.02,,1584028168,115.08,,1584028509,110.83
1584027521,119.97,,1584028169,115.07,,1584028510,110.87
1584027522,119.92,,1584028170,115,,1584028511,110.87
1584027523,119.88,,1584028171,114.93,,1584028512,110.85
1584027524,119.87,,1584028172,114.87,,1584028513,110.82
1584027525,119.85,,1584028173,114.82,,1584028514,110.77
1584027526,119.85,,1584028174,114.77,,1584028515,110.72
1584027527,119.85,,1584028175,114.77,,1584028516,110.67
1584027528,119.85,,1584028176,114.77,,1584028517,110.62
1584027529,119.83,,1584028177,114.77,,1584028518,110.57
1584027530,119.82,,1584028178,114.78,,1584028519,110.52
1584027531,119.78,,1584028179,114.78,,1584028520,110.47
1584027532,119.75,,1584028180,114.77,,1584028521,110.42
1584027533,119.72,,1584028181,114.77,,1584028522,110.35
1584027534,119.7,,1584028182,114.78,,1584028523,110.28
1584027535,119.7,,1584028183,114.8,,1584028524,110.22
1584027536,119.72,,1584028184,114.83,,1584028525,110.17
1584027537,119.77,,1584028185,114.88,,1584028526,110.13
1584027538,119.83,,1584028186,114.95,,1584028527,110.13
1584027539,119.9,,1584028187,115.03,,1584028528,110.15
1584027540,119.97,,1584028188,115.12,,1584028529,110.2
1584027541,120.03,,1584028189,115.2,,1584028530,110.27
1584027542,120.1,,1584028190,115.27,,1584028531,110.33
1584027543,120.17,,1584028191,115.32,,1584028532,110.38
1584027544,120.22,,1584028192,115.33,,1584028533,110.43
1584027545,120.23,,1584028193,115.33,,1584028534,110.45
1584027546,120.25,,1584028194,115.32,,1584028535,110.45
1584027547,120.25,,1584028195,115.28,,1584028536,110.43
1584027548,120.25,,1584028196,115.23,,1584028537,110.4
1584027549,120.25,,1584028197,115.2,,1584028538,110.37
1584027550,120.25,,1584028198,115.15,,1584028539,110.32
1584027551,120.27,,1584028199,115.12,,1584028540,110.28
1584027552,120.28,,1584028200,115.07,,1584028541,110.25
1584027553,120.3,,1584028201,115.02,,1584028542,110.25
1584027554,120.32,,1584028202,114.98,,1584028543,110.27
1584027555,120.32,,1584028203,114.95,,1584028544,110.27
1584027556,120.32,,1584028204,114.93,,1584028545,110.28
1584027557,120.3,,1584028205,114.92,,1584028546,110.3
1584027558,120.28,,1584028206,114.9,,1584028547,110.3
1584027559,120.27,,1584028207,114.88,,1584028548,110.32
1584027560,120.25,,1584028208,114.87,,1584028549,110.33
1584027561,120.23,,1584028209,114.85,,1584028550,110.35
1584027562,120.23,,1584028210,114.85,,1584028551,110.37
1584027563,120.23,,1584028211,114.83,,1584028552,110.37
1584027564,120.23,,1584028212,114.82,,1584028553,110.38
1584027565,120.25,,1584028213,114.82,,1584028554,110.4
1584027566,120.27,,1584028214,114.8,,1584028555,110.4
1584027567,120.28,,1584028215,114.78,,1584028556,110.38
1584027568,120.32,,1584028216,114.77,,1584028557,110.37
1584027569,120.35,,1584028217,114.75,,1584028558,110.33
1584027570,120.35,,1584028218,114.75,,1584028559,110.28
1584027571,120.35,,1584028219,114.75,,1584028560,110.2
1584027572,120.35,,1584028220,114.75,,1584028561,110.12
1584027573,120.33,,1584028221,114.73,,1584028562,110.02
1584027574,120.32,,1584028222,114.73,,1584028563,109.9
1584027575,120.32,,1584028223,114.73,,1584028564,109.77
1584027576,120.32,,1584028224,114.72,,1584028565,109.63
1584027577,120.33,,1584028225,114.68,,1584028566,109.48
1584027578,120.38,,1584028226,114.65,,1584028567,109.33
1584027579,120.43,,1584028227,114.63,,1584028568,109.2
1584027580,120.48,,1584028228,114.62,,1584028569,109.07
1584027581,120.53,,1584028229,114.6,,1584028570,108.95
1584027582,120.57,,1584028230,114.57,,1584028571,108.85
1584027583,120.6,,1584028231,114.5,,1584028572,108.77
1584027584,120.65,,1584028232,114.43,,1584028573,108.7
1584027585,120.7,,1584028233,114.37,,1584028574,108.65
1584027586,120.75,,1584028234,114.33,,1584028575,108.63
1584027587,120.78,,1584028235,114.3,,1584028576,108.63
1584027588,120.82,,1584028236,114.3,,1584028577,108.67
1584027589,120.87,,1584028237,114.33,,1584028578,108.7
1584027590,120.92,,1584028238,114.38,,1584028579,108.73
1584027591,120.93,,1584028239,114.43,,1584028580,108.77
1584027592,120.97,,1584028240,114.47,,1584028581,108.77
1584027593,121,,1584028241,114.45,,1584028582,108.77
1584027594,121.03,,1584028242,114.42,,1584028583,108.77
1584027595,121.07,,1584028243,114.37,,1584028584,108.77
1584027596,121.08,,1584028244,114.32,,1584028585,108.77
1584027597,121.08,,1584028245,114.27,,1584028586,108.8
1584027598,121.07,,1584028246,114.22,,1584028587,108.83
1584027599,121.07,,1584028247,114.15,,1584028588,108.88
1584027600,121.07,,1584028248,114.08,,1584028589,108.93
1584027601,121.07,,1584028249,114,,1584028590,108.97
1584027602,121.07,,1584028250,113.9,,1584028591,108.98
1584027603,121.07,,1584028251,113.78,,1584028592,108.98
1584027604,121.08,,1584028252,113.65,,1584028593,108.97
1584027605,121.08,,1584028253,113.5,,1584028594,108.98
1584027606,121.08,,1584028254,113.37,,1584028595,109.02
1584027607,121.07,,1584028255,113.25,,1584028596,109.08
1584027608,121.05,,1584028256,113.15,,1584028597,109.17
1584027609,121.02,,1584028257,113.05,,1584028598,109.27
1584027610,120.98,,1584028258,112.98,,1584028599,109.4
1584027611,120.95,,1584028259,112.92,,1584028600,109.52
1584027612,120.93,,1584028260,112.87,,1584028601,109.63
1584027613,120.92,,1584028261,112.83,,1584028602,109.7
1584027614,120.9,,1584028262,112.78,,1584028603,109.73
1584027615,120.87,,1584028263,112.75,,1584028604,109.75
1584027616,120.83,,1584028264,112.7,,1584028605,109.75
1584027617,120.78,,1584028265,112.65,,1584028606,109.73
1584027618,120.73,,1584028266,112.58,,1584028607,109.72
1584027619,120.68,,1584028267,112.52,,1584028608,109.7
1584027620,120.63,,1584028268,112.43,,1584028609,109.7
1584027621,120.58,,1584028269,112.33,,1584028610,109.7
1584027622,120.53,,1584028270,112.23,,1584028611,109.72
1584027623,120.48,,1584028271,112.15,,1584028612,109.73
1584027624,120.43,,1584028272,112.07,,1584028613,109.73
1584027625,120.38,,1584028273,111.98,,1584028614,109.73
1584027626,120.33,,1584028274,111.93,,1584028615,109.73
1584027627,120.28,,1584028275,111.88,,1584028616,109.73
1584027628,120.22,,1584028276,111.83,,1584028617,109.72
1584027629,120.15,,1584028277,111.78,,1584028618,109.72
1584027630,120.1,,1584028278,111.7,,1584028619,109.72
1584027631,120.03,,1584028279,111.62,,1584028620,109.72
1584027632,119.97,,1584028280,111.53,,1584028621,109.72
1584027633,119.92,,1584028281,111.45,,1584028622,109.73
1584027634,119.87,,1584028282,111.35,,1584028623,109.77
1584027635,119.83,,1584028283,111.25,,1584028624,109.82
1584027636,119.8,,1584028284,111.15,,1584028625,109.87
1584027637,119.78,,1584028285,111.08,,1584028626,109.93
1584027638,119.75,,1584028286,111.02,,1584028627,110
1584027639,119.73,,1584028287,110.95,,1584028628,110.07
1584027640,119.7,,1584028288,110.9,,1584028629,110.13
1584027641,119.65,,1584028289,110.87,,1584028630,110.2
1584027642,119.63,,1584028290,110.85,,1584028631,110.27
1584027643,119.6,,1584028291,110.87,,1584028632,110.33
1584027644,119.55,,1584028292,110.9,,1584028633,110.4
1584027645,119.5,,1584028293,110.93,,1584028634,110.47
1584027646,119.43,,1584028294,110.95,,1584028635,110.5
1584027647,119.4,,1584028295,110.98,,1584028636,110.53
1584027648,119.37,,1584028296,110.98,,1584028637,110.55
1584027649,119.33,,1584028297,110.97,,1584028638,110.58
1584027650,119.3,,1584028298,110.93,,1584028639,110.62
1584027651,119.32,,1584028299,110.92,,1584028640,110.67
1584027652,119.33,,1584028300,110.9,,1584028641,110.73
1584027653,119.35,,1584028301,110.93,,1584028642,110.8
1584027654,119.35,,1584028302,110.97,,1584028643,110.85
1584027655,119.33,,1584028303,111.02,,1584028644,110.9
1584027656,119.3,,1584028304,111.03,,1584028645,110.95
1584027657,119.25,,1584028305,111.03,,1584028646,110.97
1584027658,119.2,,1584028306,111.02,,1584028647,110.98
1584027659,119.12,,1584028307,110.98,,1584028648,110.98
1584027660,119.03,,1584028308,110.95,,1584028649,110.98
1584027661,118.93,,1584028309,110.92,,1584028650,110.98
1584027662,118.85,,1584028310,110.92,,1584028651,111
1584027663,118.78,,1584028311,110.95,,1584028652,111.03
1584027664,118.72,,1584028312,111,,1584028653,111.08
1584027665,118.68,,1584028313,111.07,,1584028654,111.13
1584027666,118.67,,1584028314,111.12,,1584028655,111.2
1584027667,118.67,,1584028315,111.17,,1584028656,111.27
1584027668,118.68,,1584028316,111.2,,1584028657,111.33
1584027669,118.72,,1584028317,111.22,,1584028658,111.42
1584027670,118.75,,1584028318,111.22,,1584028659,111.48
1584027671,118.78,,1584028319,111.23,,1584028660,111.57
1584027672,118.8,,1584028320,111.25,,1584028661,111.65
1584027673,118.82,,1584028321,111.27,,1584028662,111.75
1584027674,118.82,,1584028322,111.3,,1584028663,111.83
1584027675,118.83,,1584028323,111.32,,1584028664,111.92
1584027676,118.85,,1584028324,111.33,,1584028665,111.97
1584027677,118.87,,1584028325,111.33,,1584028666,112.02
1584027678,118.9,,1584028326,111.32,,1584028667,112.05
1584027679,118.93,,1584028327,111.28,,1584028668,112.08
1584027680,118.97,,1584028328,111.25,,1584028669,112.08
1584027681,118.98,,1584028329,111.22,,1584028670,112.1
1584027682,119,,1584028330,111.18,,1584028671,112.1
1584027683,119.02,,1584028331,111.15,,1584028672,112.1
1584027684,119.03,,1584028332,111.13,,1584028673,112.1
1584027685,119.03,,1584028333,111.13,,1584028674,112.08
1584027686,119.05,,1584028334,111.12,,1584028675,112.07
1584027687,119.08,,1584028335,111.12,,1584028676,112.03
1584027688,119.13,,1584028336,111.12,,1584028677,112.02
1584027689,119.2,,1584028337,111.12,,1584028678,111.98
1584027690,119.27,,1584028338,111.13,,1584028679,111.97
1584027691,119.33,,1584028339,111.15,,1584028680,111.97
1584027692,119.38,,1584028340,111.18,,1584028681,111.97
1584027693,119.43,,1584028341,111.23,,1584028682,111.98
1584027694,119.47,,1584028342,111.32,,1584028683,111.98
1584027695,119.47,,1584028343,111.42,,1584028684,111.98
1584027696,119.47,,1584028344,111.53,,1584028685,111.97
1584027697,119.47,,1584028345,111.65,,1584028686,111.95
1584027698,119.48,,,,,,
1584027699,119.48,,,,,,
1584027700,119.48,,,,,,
1584027701,119.5,,,,,,
1584027702,119.48,,,,,,
1584027703,119.47,,,,,,
1584027704,119.45,,,,,,
1584027705,119.42,,,,,,
1584027706,119.42,,,,,,
1584027707,119.42,,,,,,
1584027708,119.42,,,,,,
1584027709,119.42,,,,,,
1584027710,119.47,,,,,,
1584027711,119.52,,,,,,
1584027712,119.55,,,,,,
1584027713,119.58,,,,,,
1584027714,119.6,,,,,,
1584027715,119.6,,,,,,
1584027716,119.72,,,,,,
1584027717,119.63,,,,,,
1584027718,119.57,,,,,,
1584027719,119.52,,,,,,
1584027720,119.48,,,,,,
1584027721,119.47,,,,,,
1584027722,119.47,,,,,,
1584027723,119.47,,,,,,
1584027724,119.45,,,,,,
1584027725,119.42,,,,,,
1584027726,119.38,,,,,,
1584027727,119.37,,,,,,
1584027728,119.33,,,,,,
1584027729,119.32,,,,,,
1584027730,119.3,,,,,,
1584027731,119.3,,,,,,
1584027732,119.28,,,,,,
1584027733,119.27,,,,,,
1584027734,119.15,,,,,,
1584027735,119.08,,,,,,
1584027736,119.05,,,,,,
1584027737,119.02,,,,,,
1584027738,118.97,,,,,,
1584027739,118.95,,,,,,
1584027740,118.93,,,,,,
1584027741,118.95,,,,,,
1584027742,118.98,,,,,,
1584027743,119,,,,,,
1584027744,119,,,,,,
1584027745,119.02,,,,,,
1584027746,119,,,,,,
1584027747,118.98,,,,,,
1584027748,118.97,,,,,,
1584027749,118.95,,,,,,
1584027750,118.93,,,,,,
1584027751,118.93,,,,,,
1584027752,118.95,,,,,,
1584027753,118.97,,,,,,
1584027754,119,,,,,,
1584027755,119.07,,,,,,
1584027756,119.13,,,,,,
1584027757,119.18,,,,,,
1584027758,119.23,,,,,,
1584027759,119.27,,,,,,
1584027760,119.28,,,,,,
1584027761,119.3,,,,,,
1584027762,119.32,,,,,,
1584027763,119.33,,,,,,
1584027764,119.33,,,,,,
1584027765,119.35,,,,,,
1584027766,119.35,,,,,,
1584027767,119.33,,,,,,
1584027768,119.33,,,,,,
1584027769,119.33,,,,,,
1584027770,119.28,,,,,,
1584027771,119.23,,,,,,
1584027772,119.23,,,,,,
1584027773,119.25,,,,,,
1584027774,119.03,,,,,,
1584027775,118.78,,,,,,
1584027776,118.48,,,,,,
1584027777,118.4,,,,,,
1584027778,118.28,,,,,,
1584027779,118.13,,,,,,
1584027780,117.97,,,,,,
1584027781,117.83,,,,,,
1584027782,117.67,,,,,,
1584027783,117.52,,,,,,
1584027784,117.33,,,,,,
1584027785,117.15,,,,,,
1584027786,116.95,,,,,,
1584027787,116.78,,,,,,
1584027788,116.62,,,,,,
1584027789,116.42,,,,,,
1584027790,116.13,,,,,,
1584027791,115.8,,,,,,
1584027792,115.48,,,,,,
1584027793,115.18,,,,,,
1584027794,114.98,,,,,,
1584027795,114.9,,,,,,
1584027796,114.8,,,,,,
1584027797,114.75,,,,,,
1584027798,114.72,,,,,,
1584027799,114.65,,,,,,
1584027800,114.58,,,,,,
1584027801,113.95,,,,,,
1584027802,113.28,,,,,,
1584027803,112.65,,,,,,
1584027804,112.02,,,,,,
1584027805,111.28,,,,,,
1584027806,110.55,,,,,,
1584027807,109.8,,,,,,
1584027808,109.05,,,,,,
1584027809,108.27,,,,,,
1584027810,107.5,,,,,,
1584027811,107.4,,,,,,
1584027812,106.83,,,,,,
1584027813,106.77,,,,,,
1584027814,105.75,,,,,,
1584027815,105.43,,,,,,
1584027816,105.15,,,,,,
1584027817,104.87,,,,,,
1584027818,104.68,,,,,,
1584027819,104.5,,,,,,
1584027820,104.47,,,,,,
1584027821,104.42,,,,,,
1584027822,104.38,,,,,,
1584027823,104.35,,,,,,
1584027824,104.33,,,,,,
1584027825,104.33,,,,,,
1584027826,104.32,,,,,,
1584027827,104.28,,,,,,
1584027828,104.22,,,,,,
1584027829,104.12,,,,,,
1584027830,104.02,,,,,,
1584027831,103.9,,,,,,
1584027832,103.72,,,,,,
1584027833,103.55,,,,,,
1584027834,103.65,,,,,,
1584027835,103.82,,,,,,
1584027836,103.95,,,,,,
1584027837,104.03,,,,,,
1584027838,104.12,,,,,,
1584027839,104.2,,,,,,
1584027840,104.28,,,,,,
1584027841,104.33,,,,,,
1584027842,104.4,,,,,,
1584027843,104.48,,,,,,
1584027844,104.63,,,,,,
1584027845,104.82,,,,,,
1584027846,105,,,,,,
1584027847,105.13,,,,,,
1584027848,105.25,,,,,,
1584027849,105.37,,,,,,
1584027850,105.57,,,,,,
1584027851,105.78,,,,,,
1584027852,106,,,,,,
1584027853,106.22,,,,,,
1584027854,106.45,,,,,,
1584027855,106.52,,,,,,
1584027856,106.58,,,,,,
1584027857,106.63,,,,,,
1584027858,106.67,,,,,,
1584027859,106.7,,,,,,
1584027860,106.75,,,,,,
1584027861,107.35,,,,,,
1584027862,107.98,,,,,,
1584027863,108.6,,,,,,
1584027864,109.22,,,,,,
1584027865,109.92,,,,,,
1584027866,110.62,,,,,,
1584027867,111.3,,,,,,
1584027868,111.95,,,,,,
1584027869,112.62,,,,,,
1584027870,113.27,,,,,,
1584027871,113.25,,,,,,
1584027872,113.72,,,,,,
1584027873,113.72,,,,,,
1584027874,114.67,,,,,,
1584027875,114.9,,,,,,
1584027876,115.1,,,,,,
1584027877,115.35,,,,,,
1584027878,115.47,,,,,,
1584027879,115.6,,,,,,
1584027880,115.58,,,,,,
1584027881,115.58,,,,,,
1584027882,115.58,,,,,,
1584027883,115.58,,,,,,
1584027884,115.52,,,,,,
1584027885,115.45,,,,,,
1584027886,115.42,,,,,,
1584027887,115.42,,,,,,
1584027888,115.43,,,,,,
1584027889,115.48,,,,,,
1584027890,115.53,,,,,,
1584027891,115.6,,,,,,
1584027892,115.68,,,,,,
1584027893,115.75,,,,,,
1584027894,115.8,,,,,,
1584027895,115.85,,,,,,
1584027896,115.9,,,,,,
1584027897,115.98,,,,,,
1584027898,116.08,,,,,,
1584027899,116.22,,,,,,
1584027900,116.35,,,,,,
1584027901,116.47,,,,,,
1584027902,116.58,,,,,,
1584027903,116.67,,,,,,
1584027904,116.72,,,,,,
1584027905,116.75,,,,,,
1584027906,116.78,,,,,,
1584027907,116.83,,,,,,
1584027908,116.85,,,,,,
1584027909,116.87,,,,,,
1584027910,116.88,,,,,,
1584027911,116.92,,,,,,
1584027912,116.95,,,,,,
1584027913,116.98,,,,,,
1584027914,117.02,,,,,,
1584027915,117.05,,,,,,
1584027916,117.08,,,,,,
1584027917,117.1,,,,,,
1584027918,117.1,,,,,,
1584027919,117.1,,,,,,
1584027920,117.08,,,,,,
1584027921,117.07,,,,,,
1584027922,117.03,,,,,,
1584027923,116.98,,,,,,
1584027924,116.93,,,,,,
1584027925,116.87,,,,,,
1584027926,116.8,,,,,,
1584027927,116.75,,,,,,
1584027928,116.72,,,,,,
1584027929,116.68,,,,,,
1584027930,116.67,,,,,,
1584027931,116.65,,,,,,
1584027932,116.63,,,,,,
1584027933,116.58,,,,,,
1584027934,116.53,,,,,,
1584027935,116.48,,,,,,
1584027936,116.42,,,,,,
1584027937,116.3,,,,,,
1584027938,116.22,,,,,,
1584027939,116.15,,,,,,
1584027940,116.1,,,,,,
1584027941,116.05,,,,,,
1584027942,115.98,,,,,,
1584027943,115.9,,,,,,
1584027944,115.88,,,,,,
1584027945,115.83,,,,,,
1584027946,115.75,,,,,,
1584027947,115.65,,,,,,
1584027948,115.57,,,,,,
1584027949,115.48,,,,,,
1584027950,115.42,,,,,,
1584027951,115.35,,,,,,
1584027952,115.27,,,,,,
1584027953,115.15,,,,,,
1584027954,115,,,,,,
1584027955,114.82,,,,,,
1584027956,114.6,,,,,,
1584027957,114.38,,,,,,
1584027958,114.17,,,,,,
1584027959,113.98,,,,,,
1584027960,113.82,,,,,,
1584027961,113.7,,,,,,
1584027962,113.6,,,,,,
1584027963,113.5,,,,,,
1584027964,113.42,,,,,,
1584027965,113.33,,,,,,
1584027966,113.23,,,,,,
1584027967,113.12,,,,,,
1584027968,113.03,,,,,,
1584027969,112.97,,,,,,
1584027970,112.9,,,,,,
1584027971,112.85,,,,,,
1584027972,112.82,,,,,,
1584027973,112.77,,,,,,
1584027974,112.73,,,,,,
1584027975,112.72,,,,,,
1584027976,112.7,,,,,,
1584027977,112.72,,,,,,
1584027978,112.77,,,,,,
1584027979,112.83,,,,,,
1584027980,112.92,,,,,,
1584027981,113.02,,,,,,
1584027982,113.12,,,,,,
1584027983,113.22,,,,,,
1584027984,113.33,,,,,,
1584027985,113.47,,,,,,
1584027986,113.6,,,,,,
1584027987,113.73,,,,,,
1584027988,113.87,,,,,,
1584027989,114,,,,,,
1584027990,114.12,,,,,,
1584027991,114.22,,,,,,
1584027992,114.3,,,,,,
1584027993,114.37,,,,,,
1584027994,114.42,,,,,,
1584027995,114.47,,,,,,
1584027996,114.53,,,,,,
1584027997,114.62,,,,,,
1584027998,114.68,,,,,,
1584027999,114.73,,,,,,
1584028000,114.78,,,,,,
1584028001,114.82,,,,,,
1584028002,114.87,,,,,,
1584028003,114.92,,,,,,
1584028004,114.97,,,,,,
1584028005,115.03,,,,,,
1584028006,115.12,,,,,,
1584028007,115.22,,,,,,
1584028008,115.32,,,,,,
1584028009,115.42,,,,,,
1584028010,115.5,,,,,,
1584028011,115.58,,,,,,
1584028012,115.73,,,,,,
1584028013,115.88,,,,,,
1584028014,116.07,,,,,,
1584028015,116.27,,,,,,
1584028016,116.48,,,,,,
1584028017,116.7,,,,,,
1584028018,116.93,,,,,,
1584028019,117.12,,,,,,
1584028020,117.28,,,,,,
1584028021,117.42,,,,,,
1584028022,117.55,,,,,,
1584028023,117.67,,,,,,
1584028024,117.75,,,,,,
1584028025,117.82,,,,,,
1584028026,117.88,,,,,,
1584028027,117.93,,,,,,
1584028028,118,,,,,,
1584028029,118.08,,,,,,
1584028030,118.18,,,,,,
1584028031,118.28,,,,,,
1584028032,118.38,,,,,,
1584028033,118.5,,,,,,
1584028034,118.6,,,,,,
1584028035,118.67,,,,,,
1584028036,118.72,,,,,,
1584028037,118.7,,,,,,
1584028038,118.63,,,,,,
1584028039,118.53,,,,,,
1584028040,118.4,,,,,,
1584028041,118.27,,,,,,
1584028042,118.13,,,,,,
1584028043,118.03,,,,,,
1584028044,117.97,,,,,,
,,,,,,,
,,,,,,,
,,,,,,,
,,,,,,,
,,,,,,,
,,,,,,,
,,,,,,,
,,,,,,,
,,,,,,,
,,,,,,,
,,,,,,,
,,,,,,,
,,,,,,,
,,,,,,,
,,,,,,,
,,,,,,,
,,,,,,,
,,,,,,,
,,,,,,,
,,,,,,,
,,,,,,,
,,,,,,,
,,,,,,,
,,,,,,,
,,,,,,,
,,,,,,,
,,,,,,,
,,,,,,,
,,,,,,,
,,,,,,,
,,,,,,,
,,,,,,,
,,,,,,,
,,,,,,,
,,,,,,,
,,,,,,,
,,,,,,,
,,,,,,,
,,,,,,,
,,,,,,,
,,,,,,,
,,,,,,,
,,,,,,,
,,,,,,,
,,,,,,,
,,,,,,,
,,,,,,,
,,,,,,,
,,,,,,,
,,,,,,,
,,,,,,,
,,,,,,,
,,,,,,,
,,,,,,,
,,,,,,,
,,,,,,,
,,,,,,,
,,,,,,,
,,,,,,,
,,,,,,,
,,,,,,,
,,,,,,,
,,,,,,,
,,,,,,,
,,,,,,,
,,,,,,,
,,,,,,,
,,,,,,,
,,,,,,,
,,,,,,,
,,,,,,,
,,,,,,,
,,,,,,,
,,,,,,,
,,,,,,,
,,,,,,,
,,,,,,,
,,,,,,,
,,,,,,,
,,,,,,,
,,,,,,,
,,,,,,,
,,,,,,,
,,,,,,,
,,,,,,,
,,,,,,,
,,,,,,,
,,,,,,,
,,,,,,,
,,,,,,,
,,,,,,,
,,,,,,,
,,,,,,,
,,,,,,,
,,,,,,,
,,,,,,,
,,,,,,,
,,,,,,,
,,,,,,,
,,,,,,,
,,,,,,,
,,,,,,,
,,,,,,,
,,,,,,,
,,,,,,,
,,,,,,,
,,,,,,,
,,,,,,,
,,,,,,,
,,,,,,,
,,,,,,,
,,,,,,,
,,,,,,,
,,,,,,,
,,,,,,,
,,,,,,,
,,,,,,,
,,,,,,,
,,,,,,,
,,,,,,,
,,,,,,,
,,,,,,,
,,,,,,,
,,,,,,,
,,,,,,,
,,,,,,,
,,,,,,,
,,,,,,,
,,,,,,,
,,,,,,,
,,,,,,,
,,,,,,,
,,,,,,,
,,,,,,,
,,,,,,,
,,,,,,,
,,,,,,,
,,,,,,,
,,,,,,,
,,,,,,,
,,,,,,,
,,,,,,,
,,,,,,,
,,,,,,,
,,,,,,,
,,,,,,,
,,,,,,,
,,,,,,,
,,,,,,,
,,,,,,,
,,,,,,,
,,,,,,,
,,,,,,,
,,,,,,,
,,,,,,,
,,,,,,,
,,,,,,,
,,,,,,,
,,,,,,,
,,,,,,,
,,,,,,,
,,,,,,,
,,,,,,,
,,,,,,,
,,,,,,,
,,,,,,,
,,,,,,,
,,,,,,,
,,,,,,,
,,,,,,,
,,,,,,,
,,,,,,,
,,,,,,,
,,,,,,,
,,,,,,,
,,,,,,,
,,,,,,,
,,,,,,,
,,,,,,,
,,,,,,,
,,,,,,,
,,,,,,,
,,,,,,,
,,,,,,,
,,,,,,,
,,,,,,,
,,,,,,,
,,,,,,,
,,,,,,,
,,,,,,,
,,,,,,,
,,,,,,,
,,,,,,,
,,,,,,,
,,,,,,,
,,,,,,,
,,,,,,,
,,,,,,,
,,,,,,,
,,,,,,,
,,,,,,,
,,,,,,,
,,,,,,,
,,,,,,,
,,,,,,,
,,,,,,,
,,,,,,,
,,,,,,,
,,,,,,,
,,,,,,,
,,,,,,,
,,,,,,,
,,,,,,,
,,,,,,,
,,,,,,,
,,,,,,,
,,,,,,,
,,,,,,,
,,,,,,,
,,,,,,,
,,,,,,,
,,,,,,,
,,,,,,,
,,,,,,,
,,,,,,,
,,,,,,,
,,,,,,,
,,,,,,,
,,,,,,,
,,,,,,,
,,,,,,,
,,,,,,,
,,,,,,,
,,,,,,,
,,,,,,,
,,,,,,,
,,,,,,,
,,,,,,,
,,,,,,,
,,,,,,,
,,,,,,,
,,,,,,,
,,,,,,,
,,,,,,,
,,,,,,,
,,,,,,,
,,,,,,,
,,,,,,,
,,,,,,,
,,,,,,,
,,,,,,,
,,,,,,,
,,,,,,,
,,,,,,,
,,,,,,,
,,,,,,,
,,,,,,,
,,,,,,,
,,,,,,,
,,,,,,,
,,,,,,,
,,,,,,,
,,,,,,,
,,,,,,,
,,,,,,,
,,,,,,,
,,,,,,,
,,,,,,,
,,,,,,,
,,,,,,,
,,,,,,,
,,,,,,,
,,,,,,,
,,,,,,,
,,,,,,,
,,,,,,,
,,,,,,,
,,,,,,,
,,,,,,,
,,,,,,,
,,,,,,,
,,,,,,,
,,,,,,,
,,,,,,,
,,,,,,,
,,,,,,,
,,,,,,,
,,,,,,,
,,,,,,,
,,,,,,,
,,,,,,,
,,,,,,,
,,,,,,,
,,,,,,,
,,,,,,,
,,,,,,,
,,,,,,,
,,,,,,,
,,,,,,,
,,,,,,,
,,,,,,,
1584028346,111.75,,,,,,
1584028347,111.85,,,,,,
1584028348,111.9,,,,,,
1584028349,111.92,,,,,,
1584028350,111.9,,,,,,
1584028351,111.87,,,,,,
1584028352,111.8,,,,,,
1584028353,111.73,,,,,,
1584028354,111.65,,,,,,
1584028355,111.55,,,,,,
1584028356,111.48,,,,,,
1584028357,111.42,,,,,,
1584028358,111.37,,,,,,
1584028359,111.32,,,,,,
1584028360,111.28,,,,,,
1584028361,111.25,,,,,,
1584028362,111.22,,,,,,
1584028363,111.18,,,,,,
1584028364,111.15,,,,,,
1584028365,111.12,,,,,,
1584028366,111.07,,,,,,
1584028367,111.03,,,,,,
1584028368,111,,,,,,
1584028369,110.97,,,,,,
1584028370,110.93,,,,,,
1584028371,110.88,,,,,,
1584028372,110.83,,,,,,
1584028373,110.78,,,,,,
1584028374,110.73,,,,,,
1584028375,110.68,,,,,,
1584028376,110.65,,,,,,
1584028377,110.63,,,,,,
1584028378,110.62,,,,,,
1584028379,110.6,,,,,,
1584028380,110.58,,,,,,
1584028381,110.55,,,,,,
1584028382,110.52,,,,,,
1584028383,110.48,,,,,,
1584028384,110.42,,,,,,
1584028385,110.35,,,,,,
,,,,,,,
,,,,,,,
,,,,,,,
,,,,,,,
,,,,,,,
,,,,,,,
,,,,,,,
,,,,,,,
,,,,,,,
,,,,,,,
,,,,,,,
,,,,,,,
,,,,,,,
,,,,,,,
,,,,,,,
,,,,,,,
,,,,,,,
,,,,,,,
,,,,,,,
,,,,,,,
,,,,,,,
,,,,,,,
,,,,,,,
,,,,,,,
,,,,,,,
,,,,,,,
,,,,,,,
,,,,,,,
,,,,,,,
,,,,,,,
,,,,,,,
,,,,,,,
,,,,,,,
,,,,,,,
,,,,,,,
,,,,,,,
,,,,,,,
,,,,,,,
,,,,,,,
,,,,,,,
,,,,,,,
,,,,,,,
,,,,,,,
,,,,,,,
,,,,,,,
,,,,,,,
,,,,,,,
,,,,,,,
,,,,,,,
,,,,,,,
,,,,,,,
,,,,,,,
,,,,,,,
,,,,,,,
,,,,,,,
,,,,,,,
,,,,,,,
,,,,,,,
,,,,,,,
,,,,,,,
,,,,,,,
,,,,,,,
,,,,,,,
,,,,,,,
,,,,,,,
,,,,,,,
,,,,,,,
,,,,,,,
,,,,,,,
,,,,,,,
,,,,,,,
,,,,,,,
,,,,,,,
,,,,,,,
,,,,,,,
,,,,,,,
,,,,,,,
,,,,,,,
,,,,,,,
,,,,,,,
,,,,,,,
,,,,,,,
,,,,,,,
,,,,,,,
,,,,,,,
,,,,,,,
,,,,,,,
,,,,,,,
,,,,,,,
,,,,,,,
,,,,,,,
,,,,,,,
,,,,,,,
,,,,,,,
,,,,,,,
,,,,,,,
,,,,,,,
,,,,,,,
,,,,,,,
,,,,,,,
,,,,,,,
,,,,,,,
,,,,,,,
,,,,,,,
,,,,,,,
,,,,,,,
,,,,,,,
,,,,,,,
,,,,,,,
,,,,,,,
,,,,,,,
,,,,,,,
,,,,,,,
,,,,,,,
,,,,,,,
,,,,,,,
,,,,,,,
,,,,,,,
,,,,,,,
,,,,,,,
,,,,,,,
,,,,,,,
,,,,,,,
,,,,,,,
,,,,,,,
,,,,,,,
,,,,,,,
,,,,,,,
,,,,,,,
,,,,,,,
,,,,,,,
,,,,,,,
,,,,,,,
,,,,,,,
,,,,,,,
,,,,,,,
,,,,,,,
,,,,,,,
,,,,,,,
,,,,,,,
,,,,,,,
,,,,,,,
,,,,,,,
,,,,,,,
,,,,,,,
,,,,,,,
,,,,,,,
,,,,,,,
,,,,,,,
,,,,,,,
,,,,,,,
,,,,,,,
,,,,,,,
,,,,,,,
,,,,,,,
,,,,,,,
,,,,,,,
,,,,,,,
,,,,,,,
,,,,,,,
,,,,,,,
,,,,,,,
,,,,,,,
,,,,,,,
,,,,,,,
,,,,,,,
,,,,,,,
,,,,,,,
,,,,,,,
,,,,,,,
,,,,,,,
,,,,,,,
,,,,,,,
,,,,,,,
,,,,,,,
,,,,,,,
,,,,,,,
,,,,,,,
,,,,,,,
,,,,,,,
,,,,,,,
,,,,,,,
,,,,,,,
,,,,,,,
,,,,,,,
,,,,,,,
,,,,,,,
,,,,,,,
,,,,,,,
,,,,,,,
,,,,,,,
,,,,,,,
,,,,,,,
,,,,,,,
,,,,,,,
,,,,,,,
,,,,,,,
,,,,,,,
,,,,,,,
,,,,,,,
,,,,,,,
,,,,,,,
,,,,,,,
,,,,,,,
,,,,,,,
,,,,,,,
,,,,,,,
,,,,,,,
,,,,,,,
,,,,,,,
,,,,,,,
,,,,,,,
,,,,,,,
,,,,,,,
,,,,,,,
,,,,,,,
,,,,,,,
,,,,,,,
,,,,,,,
,,,,,,,
,,,,,,,
,,,,,,,
,,,,,,,
,,,,,,,
,,,,,,,
,,,,,,,
,,,,,,,
,,,,,,,
,,,,,,,
,,,,,,,
,,,,,,,
,,,,,,,
,,,,,,,
,,,,,,,
,,,,,,,
,,,,,,,
,,,,,,,
,,,,,,,
,,,,,,,
,,,,,,,
,,,,,,,
,,,,,,,
,,,,,,,
,,,,,,,
,,,,,,,
,,,,,,,
,,,,,,,
,,,,,,,
,,,,,,,
,,,,,,,
,,,,,,,
,,,,,,,
,,,,,,,
,,,,,,,
,,,,,,,
,,,,,,,
,,,,,,,
,,,,,,,
,,,,,,,
,,,,,,,
,,,,,,,
,,,,,,,
,,,,,,,
,,,,,,,
,,,,,,,
,,,,,,,
,,,,,,,
,,,,,,,
,,,,,,,
,,,,,,,
,,,,,,,
,,,,,,,
,,,,,,,
,,,,,,,
,,,,,,,
,,,,,,,
,,,,,,,
,,,,,,,
,,,,,,,
,,,,,,,
,,,,,,,
,,,,,,,
,,,,,,,
,,,,,,,
,,,,,,,
,,,,,,,
,,,,,,,
,,,,,,,
,,,,,,,
,,,,,,,
,,,,,,,
,,,,,,,
,,,,,,,
,,,,,,,
,,,,,,,
,,,,,,,
,,,,,,,
,,,,,,,
,,,,,,,
,,,,,,,
,,,,,,,
1584028687,111.92,,,,,,
1584028688,111.88,,,,,,
1584028689,111.85,,,,,,
1584028690,111.82,,,,,,
1584028691,111.78,,,,,,
1584028692,111.75,,,,,,
1584028693,111.72,,,,,,
1584028694,111.68,,,,,,
1584028695,111.67,,,,,,
1584028696,111.65,,,,,,
1584028697,111.63,,,,,,
1584028698,111.62,,,,,,
1584028699,111.6,,,,,,
1584028700,111.58,,,,,,
1584028701,111.57,,,,,,
1584028702,111.55,,,,,,
1584028703,111.55,,,,,,
1584028704,111.53,,,,,,
1584028705,111.52,,,,,,
1584028706,111.52,,,,,,
1584028707,111.52,,,,,,
1584028708,111.52,,,,,,
1584028709,111.5,,,,,,
1584028710,111.5,,,,,,
1584028711,111.48,,,,,,
1584028712,111.45,,,,,,
1584028713,111.35,,,,,,
1584028714,111.23,,,,,,
1584028715,111.08,,,,,,
1584028716,110.88,,,,,,
1584028717,110.6,,,,,,
1584028718,110.32,,,,,,
1584028719,110.03,,,,,,
1584028720,109.75,,,,,,
1584028721,109.42,,,,,,
1584028722,109.1,,,,,,
1584028723,108.83,,,,,,
1584028724,108.58,,,,,,
1584028725,108.37,,,,,,
1584028726,108.17,,,,,,
1584028727,107.98,,,,,,
1584028728,107.8,,,,,,
1584028729,107.65,,,,,,
1584028730,107.48,,,,,,
1584028731,107.27,,,,,,
1584028732,107.05,,,,,,
1584028733,106.83,,,,,,
1584028734,106.58,,,,,,
1584028735,106.28,,,,,,
1584028736,106.05,,,,,,
1584028737,105.82,,,,,,
1584028738,105.6,,,,,,
1584028739,105.38,,,,,,
1584028740,105.17,,,,,,
1584028741,104.95,,,,,,
1584028742,104.73,,,,,,
1584028743,104.5,,,,,,
1584028744,104.25,,,,,,
1584028745,104,,,,,,
1584028746,103.75,,,,,,
1584028747,103.52,,,,,,
1584028748,103.28,,,,,,
1584028749,103.05,,,,,,
1584028750,102.83,,,,,,
1584028751,102.63,,,,,,
1584028752,102.43,,,,,,
1584028753,102.22,,,,,,
1584028754,102.05,,,,,,
1584028755,101.92,,,,,,
1584028756,101.77,,,,,,
1584028757,101.62,,,,,,
1584028758,101.42,,,,,,
1584028759,101.2,,,,,,
1584028760,101,,,,,,
1584028761,100.82,,,,,,
1584028762,100.65,,,,,,
1584028763,100.48,,,,,,
1584028764,100.37,,,,,,
1584028765,100.4,,,,,,
1584028766,100.43,,,,,,
1584028767,100.47,,,,,,
1584028768,100.5,,,,,,
1584028769,100.53,,,,,,
1584028770,100.53,,,,,,
1584028771,100.52,,,,,,
1584028772,100.47,,,,,,
1584028773,100.45,,,,,,
1584028774,100.43,,,,,,
1584028775,100.42,,,,,,
1584028776,100.45,,,,,,
1584028777,100.6,,,,,,
1584028778,100.75,,,,,,
1584028779,100.9,,,,,,
1584028780,101.05,,,,,,
1584028781,101.22,,,,,,
1584028782,101.35,,,,,,
1584028783,101.45,,,,,,
1584028784,101.55,,,,,,
1584028785,101.65,,,,,,
1584028786,101.77,,,,,,
1584028787,101.92,,,,,,
1584028788,102.07,,,,,,
1584028789,102.2,,,,,,
1584028790,102.33,,,,,,
1584028791,102.52,,,,,,
1584028792,102.7,,,,,,
1584028793,102.88,,,,,,
1584028794,103.12,,,,,,
1584028795,103.4,,,,,,
1584028796,103.63,,,,,,
1584028797,103.87,,,,,,
1584028798,104.08,,,,,,
1584028799,104.27,,,,,,
1584028800,104.45,,,,,,
1584028801,104.63,,,,,,
1584028802,104.82,,,,,,
1584028803,105.02,,,,,,
1584028804,105.23,,,,,,
1584028805,105.47,,,,,,
1584028806,105.7,,,,,,
1584028807,105.92,,,,,,
1584028808,106.13,,,,,,
1584028809,106.35,,,,,,
1584028810,106.57,,,,,,
1584028811,106.78,,,,,,
1584028812,107.03,,,,,,
1584028813,107.3,,,,,,
1584028814,107.52,,,,,,
1584028815,107.7,,,,,,
1584028816,107.88,,,,,,
1584028817,108.03,,,,,,
1584028818,108.2,,,,,,
1584028819,108.38,,,,,,
1584028820,108.53,,,,,,
1584028821,108.67,,,,,,
1584028822,108.8,,,,,,
1584028823,108.97,,,,,,
1584028824,109.15,,,,,,
1584028825,109.2,,,,,,
1584028826,109.27,,,,,,
1584028827,109.33,,,,,,
1584028828,109.4,,,,,,
1584028829,109.43,,,,,,
1584028830,109.45,,,,,,
1584028831,109.47,,,,,,
1584028832,109.5,,,,,,
1584028833,109.53,,,,,,
1584028834,109.55,,,,,,
1584028835,109.55,,,,,,
1584028836,109.55,,,,,,
1584028837,109.53,,,,,,
1584028838,109.5,,,,,,
1584028839,109.45,,,,,,
1584028840,109.42,,,,,,
1584028841,109.43,,,,,,
1584028842,109.48,,,,,,
1584028843,109.57,,,,,,
1584028844,109.67,,,,,,
1584028845,109.73,,,,,,
1584028846,109.78,,,,,,
1584028847,109.82,,,,,,
1584028848,109.85,,,,,,
1584028849,109.83,,,,,,
1584028850,109.82,,,,,,
1584028851,109.8,,,,,,
1584028852,109.8,,,,,,
1584028853,109.8,,,,,,
1584028854,109.82,,,,,,
1584028855,109.82,,,,,,
1584028856,109.78,,,,,,
1584028857,109.75,,,,,,
1584028858,109.7,,,,,,
1584028859,109.65,,,,,,
1584028860,109.6,,,,,,
1584028861,109.55,,,,,,
1584028862,109.52,,,,,,
1584028863,109.5,,,,,,
1584028864,109.5,,,,,,
1584028865,109.5,,,,,,
1584028866,109.52,,,,,,
1584028867,109.53,,,,,,
1584028868,109.55,,,,,,
1584028869,109.53,,,,,,
1584028870,109.48,,,,,,
1584028871,109.4,,,,,,
1584028872,109.3,,,,,,
1584028873,109.18,,,,,,
1584028874,109.08,,,,,,
1584028875,109,,,,,,
1584028876,108.93,,,,,,
1584028877,108.92,,,,,,
1584028878,108.92,,,,,,
1584028879,108.92,,,,,,
1584028880,108.92,,,,,,
1584028881,108.93,,,,,,
1584028882,108.93,,,,,,
1584028883,108.92,,,,,,
1584028884,108.87,,,,,,
1584028885,108.8,,,,,,
1584028886,108.72,,,,,,
1584028887,108.63,,,,,,
1584028888,108.55,,,,,,
1584028889,108.48,,,,,,
1584028890,108.45,,,,,,
1584028891,108.43,,,,,,
1584028892,108.45,,,,,,
1584028893,108.48,,,,,,
1584028894,108.55,,,,,,
1584028895,108.63,,,,,,
1584028896,108.7,,,,,,
1584028897,108.75,,,,,,
1584028898,108.78,,,,,,
1584028899,108.83,,,,,,
1584028900,108.87,,,,,,
1584028901,108.88,,,,,,
1584028902,108.88,,,,,,
1584028903,108.85,,,,,,
1584028904,108.78,,,,,,
1584028905,108.73,,,,,,
1584028906,108.67,,,,,,
1584028907,108.58,,,,,,
1584028908,108.5,,,,,,
1584028909,108.47,,,,,,
1584028910,108.43,,,,,,
1584028911,108.42,,,,,,
1584028912,108.38,,,,,,
1584028913,108.37,,,,,,
1584028914,108.35,,,,,,
1584028915,108.38,,,,,,
1584028916,108.47,,,,,,
1584028917,108.57,,,,,,
1584028918,108.7,,,,,,
1584028919,108.87,,,,,,
1584028920,109.05,,,,,,
1584028921,109.23,,,,,,
1584028922,109.38,,,,,,
1584028923,109.52,,,,,,
1584028924,109.63,,,,,,
1584028925,109.75,,,,,,
1584028926,109.85,,,,,,
1584028927,109.97,,,,,,
1584028928,110.08,,,,,,
1584028929,110.23,,,,,,
1584028930,110.38,,,,,,
1584028931,110.53,,,,,,
1584028932,110.65,,,,,,
1584028933,110.77,,,,,,
1584028934,110.85,,,,,,
1584028935,110.92,,,,,,
1584028936,110.98,,,,,,
1584028937,111.03,,,,,,
1584028938,111.08,,,,,,
1584028939,111.17,,,,,,
1584028940,111.25,,,,,,
1584028941,111.28,,,,,,
1584028942,111.3,,,,,,
1584028943,111.3,,,,,,
1584028944,111.28,,,,,,
1584028945,111.25,,,,,,
1584028946,111.22,,,,,,
1584028947,111.18,,,,,,
1584028948,111.15,,,,,,
1584028949,111.15,,,,,,
1584028950,111.17,,,,,,
1584028951,111.18,,,,,,
1584028952,111.18,,,,,,
1584028953,111.2,,,,,,
1584028954,111.2,,,,,,
1584028955,111.22,,,,,,
1584028956,111.22,,,,,,
1584028957,111.2,,,,,,
1584028958,111.2,,,,,,
1584028959,111.18,,,,,,
1584028960,111.17,,,,,,
1584028961,111.15,,,,,,
1584028962,111.15,,,,,,
1584028963,111.17,,,,,,
1584028964,111.2,,,,,,
1584028965,111.23,,,,,,
1584028966,111.27,,,,,,
1584028967,111.25,,,,,,
1584028968,111.2,,,,,,
1584028969,111.15,,,,,,
1584028970,111.12,,,,,,
1584028971,111.08,,,,,,
1584028972,111.07,,,,,,
1584028973,111.08,,,,,,
1584028974,111.1,,,,,,
1584028975,111.08,,,,,,
1584028976,111.05,,,,,,
1584028977,111,,,,,,
1584028978,110.93,,,,,,
1584028979,110.83,,,,,,
1584028980,110.72,,,,,,
1584028981,110.6,,,,,,
1584028982,110.5,,,,,,
1584028983,110.4,,,,,,
1584028984,110.32,,,,,,
1584028985,110.22,,,,,,
1584028986,110.1,,,,,,
1584028987,109.95,,,,,,
1584028988,109.82,,,,,,
1584028989,109.67,,,,,,
1584028990,109.53,,,,,,
1584028991,109.43,,,,,,
1584028992,109.37,,,,,,
1584028993,109.33,,,,,,
1584028994,109.3,,,,,,
1584028995,109.28,,,,,,
1584028996,109.25,,,,,,
1584028997,109.22,,,,,,
1584028998,109.18,,,,,,
1584028999,109.1,,,,,,
1584029000,109.05,,,,,,
1584029001,109.03,,,,,,
1584029002,109.02,,,,,,
1584029003,109.02,,,,,,
1584029004,108.33,,,,,,
1584029005,107.63,,,,,,
1584029006,107.07,,,,,,
1584029007,106.48,,,,,,
1584029008,105.88,,,,,,
1584029009,105.27,,,,,,
1584029010,104.6,,,,,,
1584029011,103.93,,,,,,
1584029012,103.28,,,,,,
1584029013,102.48,,,,,,
1584029014,101.68,,,,,,
1584029015,101.03,,,,,,
1584029016,100.43,,,,,,
1584029017,99.85,,,,,,
1584029018,99.28,,,,,,
1584029019,98.75,,,,,,
1584029020,98.17,,,,,,
1584029021,97.58,,,,,,
1584029022,96.98,,,,,,
1584029023,96.38,,,,,,
1584029024,95.8,,,,,,
1584029025,95.23,,,,,,
1584029026,94.72,,,,,,
1584029027,94.28,,,,,,
1584029028,93.85,,,,,,
1584029029,93.4,,,,,,
1584029030,92.95,,,,,,
1584029031,92.48,,,,,,
1584029032,92,,,,,,
