1639577720,65,,1639578271,65.3,,1639578651,63.53
1639577721,63.5,,1639578272,65.23,,1639578652,63.42
1639577722,63,,1639578273,65.22,,1639578653,63.33
1639577723,62.75,,1639578274,65.17,,1639578654,63.2
1639577724,62.8,,1639578275,65.08,,1639578655,63.08
1639577725,63.17,,1639578276,64.98,,1639578656,62.97
1639577726,63.57,,1639578277,64.87,,1639578657,62.83
1639577727,63.75,,1639578278,64.77,,1639578658,62.72
1639577728,64,,1639578279,64.65,,1639578659,62.6
1639577729,64.4,,1639578280,64.55,,1639578660,62.48
1639577730,64.91,,1639578281,64.43,,1639578661,62.38
1639577731,65.58,,1639578282,64.33,,1639578662,62.37
1639577732,66,,1639578283,64.25,,1639578663,62.37
1639577733,66.36,,1639578284,64.17,,1639578664,62.38
1639577734,66.67,,1639578285,64.1,,1639578665,62.47
1639577735,67,,1639578286,64.02,,1639578666,62.52
1639577736,67.35,,1639578287,63.93,,1639578667,62.55
1639577737,67.72,,1639578288,63.85,,1639578668,62.62
1639577738,68,,1639578289,63.78,,1639578669,62.67
1639577739,68.15,,1639578290,63.7,,1639578670,62.68
1639577740,68.19,,1639578291,63.6,,1639578671,62.68
1639577741,68.09,,1639578292,63.52,,1639578672,62.67
1639577742,67.96,,1639578293,63.42,,1639578673,62.62
1639577743,67.83,,1639578294,63.33,,1639578674,62.55
1639577744,67.76,,1639578295,63.28,,1639578675,62.5
1639577745,67.62,,1639578296,63.18,,1639578676,62.43
1639577746,67.48,,1639578297,63.12,,1639578677,62.37
1639577747,67.36,,1639578298,63.02,,1639578678,62.3
1639577748,67.24,,1639578299,62.9,,1639578679,62.22
1639577749,67.13,,1639578300,62.83,,1639578680,62.13
1639577750,67.16,,1639578301,62.8,,1639578681,62.07
1639577751,67.31,,1639578302,62.8,,1639578682,62.02
1639577752,67.52,,1639578303,62.87,,1639578683,61.98
1639577753,67.68,,1639578304,62.87,,1639578684,61.95
1639577754,67.83,,1639578305,62.88,,1639578685,61.92
1639577755,67.94,,1639578306,62.85,,1639578686,61.87
1639577756,68.03,,1639578307,62.8,,1639578687,61.82
1639577757,68.11,,1639578308,62.82,,1639578688,61.78
1639577758,68.15,,1639578309,62.83,,1639578689,61.75
1639577759,68.15,,1639578310,62.82,,1639578690,61.73
1639577760,68.07,,1639578311,62.83,,1639578691,61.72
1639577761,67.95,,1639578312,62.8,,1639578692,61.7
1639577762,67.84,,1639578313,62.7,,1639578693,61.68
1639577763,67.7,,1639578314,62.62,,1639578694,61.68
1639577764,67.58,,1639578315,62.6,,1639578695,61.65
1639577765,67.46,,1639578316,62.62,,1639578696,61.6
1639577766,67.34,,1639578317,62.65,,1639578697,61.48
1639577767,67.23,,1639578318,62.68,,1639578698,61.37
1639577768,67.14,,1639578319,62.7,,1639578699,61.23
1639577769,67.04,,1639578320,62.7,,1639578700,61.08
1639577770,66.96,,1639578321,62.68,,1639578701,61
1639577771,66.87,,1639578322,62.67,,1639578702,60.92
1639577772,66.77,,1639578323,62.67,,1639578703,60.82
1639577773,66.69,,1639578324,62.65,,1639578704,60.7
1639577774,66.58,,1639578325,62.63,,1639578705,60.6
1639577775,66.48,,1639578326,62.6,,1639578706,60.53
1639577776,66.39,,1639578327,62.57,,1639578707,60.47
1639577777,66.31,,1639578328,62.53,,1639578708,60.42
1639577778,66.24,,1639578329,62.48,,1639578709,60.37
1639577779,66.17,,1639578330,62.45,,1639578710,60.32
1639577780,66.13,,1639578331,62.43,,1639578711,60.27
1639577781,66.17,,1639578332,62.42,,1639578712,60.27
1639577782,66.18,,1639578333,62.4,,1639578713,60.27
1639577783,66.22,,1639578334,62.38,,1639578714,60.32
1639577784,66.25,,1639578335,62.38,,1639578715,60.4
1639577785,66.23,,1639578336,62.38,,1639578716,60.47
1639577786,66.23,,1639578337,62.38,,1639578717,60.57
1639577787,66.25,,1639578338,62.37,,1639578718,60.67
1639577788,66.23,,1639578339,62.35,,1639578719,60.77
1639577789,66.18,,1639578340,62.33,,1639578720,60.85
1639577790,66.1,,1639578341,62.32,,1639578721,60.93
1639577791,65.98,,1639578342,62.3,,1639578722,60.93
1639577792,65.9,,1639578343,62.3,,1639578723,60.92
1639577793,65.83,,1639578344,62.28,,1639578724,60.88
1639577794,65.78,,1639578345,62.27,,1639578725,60.8
1639577795,65.72,,1639578346,62.25,,1639578726,60.73
1639577796,65.65,,1639578347,62.23,,1639578727,60.68
1639577797,65.58,,1639578348,62.23,,1639578728,60.62
1639577798,65.57,,1639578349,62.23,,1639578729,60.58
1639577799,65.65,,1639578350,62.23,,1639578730,60.58
1639577800,65.78,,1639578351,62.23,,1639578731,60.62
1639577801,66,,1639578352,62.23,,1639578732,60.68
1639577802,66.23,,1639578353,62.25,,1639578733,60.78
1639577803,66.45,,1639578354,62.3,,1639578734,60.88
1639577804,66.63,,1639578355,62.35,,1639578735,60.98
1639577805,66.83,,1639578356,62.42,,1639578736,61.08
1639577806,67.02,,1639578357,62.48,,1639578737,61.17
1639577807,67.2,,1639578358,62.52,,1639578738,61.23
1639577808,67.32,,1639578359,62.57,,1639578739,61.28
1639577809,67.4,,1639578360,62.63,,1639578740,61.33
1639577810,67.38,,1639578361,62.67,,1639578741,61.35
1639577811,67.28,,1639578362,62.7,,1639578742,61.37
1639577812,67.13,,1639578363,62.73,,1639578743,61.35
1639577813,67,,1639578364,62.77,,1639578744,61.32
1639577814,66.88,,1639578365,62.8,,1639578745,61.27
1639577815,66.9,,1639578366,62.85,,1639578746,61.22
1639577816,66.93,,1639578367,62.9,,1639578747,61.17
1639577817,67.02,,1639578368,62.88,,1639578748,61.1
1639577818,67.13,,1639578369,62.83,,1639578749,61.03
1639577819,67.28,,1639578370,62.8,,1639578750,60.98
1639577820,67.5,,1639578371,62.75,,1639578751,60.95
1639577821,67.7,,1639578372,62.68,,1639578752,60.95
1639577822,67.93,,1639578373,62.67,,1639578753,60.95
1639577823,68.2,,1639578374,62.62,,1639578754,61
1639577824,68.42,,1639578375,62.53,,1639578755,61.08
1639577825,68.62,,1639578376,62.47,,1639578756,61.08
1639577826,68.78,,1639578377,62.4,,1639578757,61.1
1639577827,68.95,,1639578378,62.35,,1639578758,61.08
1639577828,69.13,,1639578379,62.32,,1639578759,61.05
1639577829,69.35,,1639578380,62.3,,1639578760,61
1639577830,69.6,,1639578381,62.28,,1639578761,60.93
1639577831,69.85,,1639578382,62.27,,1639578762,60.88
1639577832,70.1,,1639578383,62.23,,1639578763,60.83
1639577833,70.35,,1639578384,62.23,,1639578764,60.8
1639577834,70.62,,1639578385,62.23,,1639578765,60.77
1639577835,70.87,,1639578386,62.27,,1639578766,60.75
1639577836,71.15,,1639578387,62.3,,1639578767,60.77
1639577837,71.45,,1639578388,62.33,,1639578768,60.78
1639577838,71.73,,1639578389,62.38,,1639578769,60.8
1639577839,72.02,,1639578390,62.43,,1639578770,60.82
1639577840,72.32,,1639578391,62.48,,1639578771,60.82
1639577841,72.63,,1639578392,62.57,,1639578772,60.82
1639577842,72.97,,1639578393,62.63,,1639578773,60.82
1639577843,73.28,,1639578394,62.7,,1639578774,60.77
1639577844,73.58,,1639578395,62.75,,1639578775,60.7
1639577845,73.9,,1639578396,62.78,,1639578776,60.65
1639577846,74.18,,1639578397,62.82,,1639578777,60.58
1639577847,74.32,,1639578398,62.83,,1639578778,60.52
1639577848,74.45,,1639578399,62.85,,1639578779,60.45
1639577849,74.52,,1639578400,62.85,,1639578780,60.43
1639577850,74.53,,1639578401,62.85,,1639578781,60.42
1639577851,74.5,,1639578402,62.85,,1639578782,60.4
1639577852,74.43,,1639578403,62.83,,1639578783,60.38
1639577853,74.35,,1639578404,62.82,,1639578784,60.37
1639577854,74.25,,1639578405,62.8,,1639578785,60.33
1639577855,74.15,,1639578406,62.78,,1639578786,60.32
1639577856,74.05,,1639578407,62.77,,1639578787,60.28
1639577857,73.93,,1639578408,62.77,,1639578788,60.25
1639577858,73.8,,1639578409,62.77,,1639578789,60.2
1639577859,73.6,,1639578410,62.77,,1639578790,60.2
1639577860,73.38,,1639578411,62.75,,1639578791,60.2
1639577861,73.13,,1639578412,62.75,,1639578792,60.2
1639577862,72.88,,1639578413,62.77,,1639578793,60.17
1639577863,72.68,,1639578414,62.75,,1639578794,60.12
1639577864,72.53,,1639578415,62.7,,1639578795,60.12
1639577865,72.43,,1639578416,62.68,,1639578796,60.05
1639577866,72.37,,1639578417,62.62,,1639578797,59.98
1639577867,72.3,,1639578418,62.55,,1639578798,59.93
1639577868,72.27,,1639578419,62.45,,1639578799,59.85
1639577869,72.28,,1639578420,62.48,,1639578800,59.77
1639577870,72.35,,1639578421,62.53,,1639578801,59.72
1639577871,72.52,,1639578422,62.57,,1639578802,59.67
1639577872,72.8,,1639578423,62.53,,1639578803,59.67
1639577873,73.08,,1639578424,62.47,,1639578804,59.68
1639577874,73.35,,1639578425,62.38,,1639578805,59.68
1639577875,73.45,,1639578426,62.28,,1639578806,59.67
1639577876,73.6,,1639578427,62.2,,1639578807,59.67
1639577877,73.73,,1639578428,62.12,,1639578808,59.68
1639577878,73.87,,1639578429,62.03,,1639578809,59.7
1639577879,73.98,,1639578430,61.93,,1639578810,59.72
1639577880,74,,1639578431,61.8,,1639578811,59.75
1639577881,74,,1639578432,61.72,,1639578812,59.83
1639577882,73.92,,1639578433,61.65,,1639578813,59.9
1639577883,73.8,,1639578434,61.6,,1639578814,59.9
1639577884,73.7,,1639578435,61.57,,1639578815,59.85
1639577885,73.58,,1639578436,61.5,,1639578816,59.87
1639577886,73.47,,1639578437,61.45,,1639578817,59.88
1639577887,73.35,,1639578438,61.4,,1639578818,59.9
1639577888,73.2,,1639578439,61.35,,1639578819,59.93
1639577889,73.05,,1639578440,61.3,,1639578820,59.98
1639577890,72.85,,1639578441,61.25,,1639578821,60.03
1639577891,72.67,,1639578442,61.2,,1639578822,60.07
1639577892,72.48,,1639578443,61.17,,1639578823,60.12
1639577893,72.3,,1639578444,61.12,,1639578824,60.15
1639577894,72.13,,1639578445,61.07,,1639578825,60.17
1639577895,72.07,,1639578446,61,,1639578826,60.17
1639577896,72,,1639578447,60.93,,1639578827,60.15
1639577897,71.93,,1639578448,60.87,,1639578828,60.13
1639577898,71.88,,1639578449,60.8,,1639578829,60.12
1639577899,71.83,,1639578450,60.73,,1639578830,60.1
1639577900,71.73,,1639578451,60.67,,1639578831,60.1
1639577901,71.6,,1639578452,60.6,,1639578832,60.1
1639577902,71.35,,1639578453,60.55,,1639578833,60.1
1639577903,71.17,,1639578454,60.5,,1639578834,60.13
1639577904,71,,1639578455,60.45,,1639578835,60.18
1639577905,70.82,,1639578456,60.42,,1639578836,60.22
1639577906,70.52,,1639578457,60.4,,1639578837,60.28
1639577907,70.37,,1639578458,60.43,,1639578838,60.28
1639577908,70.23,,1639578459,60.52,,1639578839,60.27
1639577909,70.08,,1639578460,60.63,,1639578840,60.23
1639577910,70.08,,1639578461,60.77,,1639578841,60.22
1639577911,70.12,,1639578462,60.9,,1639578842,60.2
1639577912,70.2,,1639578463,61,,1639578843,60.18
1639577913,70.3,,1639578464,61.12,,1639578844,60.17
1639577914,70.42,,1639578465,61.23,,1639578845,60.17
1639577915,70.55,,1639578466,61.33,,1639578846,60.18
1639577916,70.67,,1639578467,61.42,,1639578847,60.22
1639577917,70.78,,1639578468,61.45,,1639578848,60.25
1639577918,70.87,,1639578469,61.47,,1639578849,60.27
1639577919,70.92,,1639578470,61.45,,1639578850,60.22
1639577920,70.95,,1639578471,61.45,,1639578851,60.15
1639577921,70.95,,1639578472,61.43,,1639578852,60
1639577922,70.93,,1639578473,61.42,,1639578853,59.88
1639577923,70.88,,1639578474,61.4,,1639578854,59.8
1639577924,70.78,,1639578475,61.43,,1639578855,59.68
1639577925,70.63,,1639578476,61.45,,1639578856,59.62
1639577926,70.45,,1639578477,61.53,,1639578857,59.6
1639577927,70.27,,1639578478,61.65,,1639578858,59.58
1639577928,70.13,,1639578479,61.8,,1639578859,59.62
1639577929,70,,1639578480,61.82,,1639578860,59.65
1639577930,69.87,,1639578481,61.85,,1639578861,59.67
1639577931,69.65,,1639578482,61.88,,1639578862,59.7
1639577932,69.32,,1639578483,61.9,,1639578863,59.72
1639577933,69,,1639578484,61.92,,1639578864,59.78
1639577934,68.68,,1639578485,61.92,,1639578865,59.9
1639577935,68.42,,1639578486,61.92,,1639578866,60.05
1639577936,68.08,,1639578487,61.9,,1639578867,60.17
1639577937,67.72,,1639578488,61.87,,1639578868,60.3
1639577938,67.32,,1639578489,61.83,,1639578869,60.42
1639577939,66.97,,1639578490,61.8,,1639578870,60.52
1639577940,66.7,,1639578491,61.78,,1639578871,60.58
1639577941,66.5,,1639578492,61.77,,1639578872,60.57
1639577942,66.33,,1639578493,61.78,,1639578873,60.53
1639577943,66.18,,1639578494,61.82,,1639578874,60.53
1639577944,66.03,,1639578495,61.85,,1639578875,60.53
1639577945,65.92,,1639578496,61.9,,1639578876,60.53
1639577946,65.82,,1639578497,61.95,,1639578877,60.53
1639577947,65.72,,1639578498,62,,1639578878,60.58
1639577948,65.63,,1639578499,62.05,,1639578879,60.65
1639577949,65.65,,1639578500,62.1,,1639578880,60.73
1639577950,65.68,,1639578501,62.15,,1639578881,60.85
1639577951,65.72,,1639578502,62.18,,1639578882,60.97
1639577952,65.75,,1639578503,62.2,,1639578883,61.07
1639577953,65.77,,1639578504,62.22,,1639578884,61.18
1639577954,65.82,,1639578505,62.23,,1639578885,61.32
1639577955,65.87,,1639578506,62.25,,1639578886,61.47
1639577956,65.93,,1639578507,62.25,,1639578887,61.62
1639577957,66.05,,1639578508,62.25,,1639578888,61.77
1639577958,66.23,,1639578509,62.25,,1639578889,61.9
1639577959,66.43,,1639578510,62.23,,1639578890,62.03
1639577960,66.68,,1639578511,62.22,,1639578891,62.17
1639577961,66.87,,1639578512,62.18,,1639578892,62.3
1639577962,67.23,,1639578513,62.15,,1639578893,62.42
1639577963,67.53,,1639578514,62.12,,1639578894,62.53
1639577964,67.8,,1639578515,62.08,,1639578895,62.62
1639577965,68.13,,1639578516,62.07,,1639578896,62.7
1639577966,68.63,,1639578517,62.03,,1639578897,62.72
1639577967,69.12,,1639578518,61.97,,1639578898,62.77
1639577968,69.58,,1639578519,61.87,,1639578899,62.82
1639577969,70.22,,1639578520,61.75,,1639578900,62.85
1639577970,70.78,,1639578521,61.63,,1639578901,62.87
1639577971,71.25,,1639578522,61.52,,1639578902,62.88
1639577972,71.63,,1639578523,61.43,,1639578903,62.9
1639577973,72.03,,1639578524,61.35,,1639578904,62.95
1639577974,72.42,,1639578525,61.27,,1639578905,62.98
1639577975,72.82,,1639578526,61.2,,1639578906,63
1639577976,73.18,,1639578527,61.17,,1639578907,62.98
1639577977,73.43,,1639578528,61.18,,1639578908,62.97
1639577978,73.47,,1639578529,61.2,,1639578909,62.95
1639577979,73.53,,1639578530,61.23,,1639578910,62.95
1639577980,73.6,,1639578531,61.27,,1639578911,62.92
1639577981,73.7,,1639578532,61.28,,1639578912,62.95
1639577982,73.82,,1639578533,61.28,,1639578913,62.97
1639577983,73.95,,1639578534,61.28,,1639578914,63
1639577984,74.12,,1639578535,61.25,,1639578915,63.03
1639577985,74.32,,1639578536,61.18,,1639578916,63.08
1639577986,74.52,,1639578537,61.08,,1639578917,63.1
1639577987,74.72,,1639578538,60.97,,1639578918,63.12
1639577988,74.93,,1639578539,60.83,,1639578919,63.13
1639577989,75.12,,1639578540,60.7,,1639578920,63.15
1639577990,75.27,,1639578541,60.58,,1639578921,63.15
1639577991,75.42,,1639578542,60.45,,1639578922,63.12
1639577992,75.55,,1639578543,60.33,,1639578923,63.07
1639577993,75.87,,1639578544,60.23,,1639578924,62.97
1639577994,75.82,,1639578545,60.15,,1639578925,62.85
1639577995,75.77,,1639578546,60.08,,1639578926,62.72
1639577996,75.75,,1639578547,60.03,,1639578927,62.6
1639577997,75.73,,1639578548,60,,1639578928,62.47
1639577998,75.95,,1639578549,59.97,,1639578929,62.33
1639577999,76.1,,1639578550,59.93,,1639578930,62.22
1639578000,76.47,,1639578551,59.92,,1639578931,62.13
1639578001,76.85,,1639578552,59.88,,1639578932,62.07
1639578002,77.27,,1639578553,59.85,,1639578933,62.03
1639578003,77.7,,1639578554,59.83,,1639578934,62
1639578004,78.17,,1639578555,59.82,,1639578935,62.02
1639578005,78.63,,1639578556,59.82,,1639578936,62.07
1639578006,79.17,,1639578557,59.82,,1639578937,62.15
1639578007,79.75,,1639578558,59.83,,1639578938,62.17
1639578008,80.28,,1639578559,59.87,,1639578939,62.2
1639578009,80.77,,1639578560,59.9,,1639578940,62.22
1639578010,81.22,,1639578561,59.92,,1639578941,62.17
1639578011,81.68,,1639578562,59.95,,1639578942,62.1
1639578012,82.1,,1639578563,59.97,,1639578943,62.03
1639578013,82.48,,1639578564,59.98,,1639578944,61.88
1639578014,82.82,,1639578565,60,,1639578945,61.77
1639578015,83.1,,1639578566,60.02,,1639578946,61.62
1639578016,83.32,,1639578567,60.05,,1639578947,61.5
1639578017,83.5,,1639578568,60.08,,1639578948,61.38
1639578018,83.62,,1639578569,60.12,,1639578949,61.28
1639578019,83.7,,1639578570,60.17,,1639578950,61.22
1639578020,83.78,,1639578571,60.22,,1639578951,61.15
1639578021,83.98,,,,,,
1639578022,83.98,,,,,,
1639578023,84.02,,,,,,
1639578024,84.03,,,,,,
1639578025,84.03,,,,,,
1639578026,83.98,,,,,,
1639578027,83.9,,,,,,
1639578028,83.87,,,,,,
1639578029,83.73,,,,,,
1639578030,83.6,,,,,,
1639578031,83.53,,,,,,
1639578032,83.6,,,,,,
1639578033,83.57,,,,,,
1639578034,83.5,,,,,,
1639578035,83.43,,,,,,
1639578036,83.48,,,,,,
1639578037,83.67,,,,,,
1639578038,84.08,,,,,,
1639578039,84.48,,,,,,
1639578040,84.95,,,,,,
1639578041,85.35,,,,,,
1639578042,85.73,,,,,,
1639578043,86.07,,,,,,
1639578044,86.37,,,,,,
1639578045,86.67,,,,,,
1639578046,86.98,,,,,,
1639578047,87.32,,,,,,
1639578048,87.58,,,,,,
1639578049,87.67,,,,,,
1639578050,87.73,,,,,,
1639578051,87.8,,,,,,
1639578052,87.95,,,,,,
1639578053,87.9,,,,,,
1639578054,88.1,,,,,,
1639578055,88.32,,,,,,
1639578056,88.52,,,,,,
1639578057,88.73,,,,,,
1639578058,88.72,,,,,,
1639578059,88.7,,,,,,
1639578060,88.42,,,,,,
1639578061,88.13,,,,,,
1639578062,87.83,,,,,,
1639578063,87.55,,,,,,
1639578064,87.25,,,,,,
1639578065,86.95,,,,,,
1639578066,86.6,,,,,,
1639578067,86.17,,,,,,
1639578068,85.73,,,,,,
1639578069,85.4,,,,,,
1639578070,85.08,,,,,,
1639578071,84.75,,,,,,
1639578072,84.45,,,,,,
1639578073,84.22,,,,,,
1639578074,83.85,,,,,,
1639578075,83.53,,,,,,
1639578076,83.23,,,,,,
1639578077,82.92,,,,,,
1639578078,82.55,,,,,,
1639578079,82.17,,,,,,
1639578080,81.75,,,,,,
1639578081,81.23,,,,,,
1639578082,80.85,,,,,,
1639578083,80.38,,,,,,
1639578084,79.95,,,,,,
1639578085,79.47,,,,,,
1639578086,78.98,,,,,,
1639578087,78.58,,,,,,
1639578088,78.17,,,,,,
1639578089,77.77,,,,,,
1639578090,77.33,,,,,,
1639578091,76.92,,,,,,
1639578092,76.48,,,,,,
1639578093,76.12,,,,,,
1639578094,75.77,,,,,,
1639578095,75.63,,,,,,
1639578096,75.52,,,,,,
1639578097,74.83,,,,,,
1639578098,74.15,,,,,,
1639578099,73.52,,,,,,
1639578100,72.85,,,,,,
1639578101,72.25,,,,,,
1639578102,71.67,,,,,,
1639578103,71.12,,,,,,
1639578104,70.57,,,,,,
1639578105,70,,,,,,
1639578106,69.43,,,,,,
1639578107,68.85,,,,,,
1639578108,68.3,,,,,,
1639578109,67.97,,,,,,
1639578110,67.65,,,,,,
1639578111,67.33,,,,,,
1639578112,66.97,,,,,,
1639578113,66.62,,,,,,
1639578114,66.37,,,,,,
1639578115,66.12,,,,,,
1639578116,65.83,,,,,,
1639578117,65.53,,,,,,
1639578118,65.27,,,,,,
1639578119,65.03,,,,,,
1639578120,64.85,,,,,,
1639578121,64.67,,,,,,
1639578122,64.48,,,,,,
1639578123,64.25,,,,,,
1639578124,64.03,,,,,,
1639578125,63.82,,,,,,
1639578126,63.6,,,,,,
1639578127,63.43,,,,,,
1639578128,63.3,,,,,,
1639578129,63,,,,,,
1639578130,62.7,,,,,,
1639578131,62.42,,,,,,
1639578132,62.15,,,,,,
1639578133,61.88,,,,,,
1639578134,61.75,,,,,,
1639578135,61.53,,,,,,
1639578136,61.32,,,,,,
1639578137,61.08,,,,,,
1639578138,60.92,,,,,,
1639578139,60.8,,,,,,
1639578140,60.7,,,,,,
1639578141,60.65,,,,,,
1639578142,60.65,,,,,,
1639578143,60.73,,,,,,
1639578144,60.87,,,,,,
1639578145,61.02,,,,,,
1639578146,61.17,,,,,,
1639578147,61.28,,,,,,
1639578148,61.38,,,,,,
1639578149,61.48,,,,,,
1639578150,61.67,,,,,,
1639578151,61.73,,,,,,
1639578152,61.72,,,,,,
1639578153,61.67,,,,,,
1639578154,61.62,,,,,,
1639578155,61.3,,,,,,
1639578156,60.88,,,,,,
1639578157,61,,,,,,
1639578158,61.12,,,,,,
1639578159,61.2,,,,,,
1639578160,61.27,,,,,,
1639578161,61.33,,,,,,
1639578162,61.38,,,,,,
1639578163,61.43,,,,,,
1639578164,61.48,,,,,,
1639578165,61.53,,,,,,
1639578166,61.58,,,,,,
1639578167,61.62,,,,,,
1639578168,61.67,,,,,,
1639578169,61.78,,,,,,
1639578170,61.93,,,,,,
1639578171,62.1,,,,,,
1639578172,62.27,,,,,,
1639578173,62.42,,,,,,
1639578174,62.6,,,,,,
1639578175,62.77,,,,,,
1639578176,62.98,,,,,,
1639578177,63.2,,,,,,
1639578178,63.35,,,,,,
1639578179,63.47,,,,,,
1639578180,63.53,,,,,,
1639578181,63.57,,,,,,
1639578182,63.62,,,,,,
1639578183,63.68,,,,,,
1639578184,63.78,,,,,,
1639578185,63.85,,,,,,
1639578186,63.92,,,,,,
1639578187,63.98,,,,,,
1639578188,64.08,,,,,,
1639578189,64.33,,,,,,
1639578190,64.57,,,,,,
1639578191,64.82,,,,,,
1639578192,65.05,,,,,,
1639578193,65.22,,,,,,
1639578194,65.37,,,,,,
1639578195,65.52,,,,,,
1639578196,65.72,,,,,,
1639578197,65.88,,,,,,
1639578198,65.97,,,,,,
1639578199,66.02,,,,,,
1639578200,66,,,,,,
1639578201,65.95,,,,,,
1639578202,65.85,,,,,,
1639578203,65.73,,,,,,
1639578204,65.57,,,,,,
1639578205,65.48,,,,,,
1639578206,65.43,,,,,,
1639578207,65.32,,,,,,
1639578208,65.2,,,,,,
1639578209,65.08,,,,,,
1639578210,64.88,,,,,,
1639578211,64.82,,,,,,
1639578212,64.77,,,,,,
1639578213,64.7,,,,,,
1639578214,64.68,,,,,,
1639578215,64.72,,,,,,
1639578216,64.77,,,,,,
1639578217,64.85,,,,,,
1639578218,64.93,,,,,,
1639578219,65.03,,,,,,
1639578220,65.13,,,,,,
1639578221,65.25,,,,,,
1639578222,65.37,,,,,,
1639578223,65.47,,,,,,
1639578224,65.58,,,,,,
1639578225,65.68,,,,,,
1639578226,65.8,,,,,,
1639578227,65.93,,,,,,
1639578228,66.03,,,,,,
1639578229,66.03,,,,,,
1639578230,66.03,,,,,,
1639578231,66.03,,,,,,
1639578232,66.02,,,,,,
1639578233,66,,,,,,
1639578234,65.95,,,,,,
1639578235,65.87,,,,,,
1639578236,65.82,,,,,,
1639578237,65.73,,,,,,
1639578238,65.75,,,,,,
1639578239,65.8,,,,,,
1639578240,65.83,,,,,,
1639578241,65.85,,,,,,
1639578242,65.83,,,,,,
1639578243,65.82,,,,,,
1639578244,65.85,,,,,,
1639578245,65.92,,,,,,
1639578246,66.02,,,,,,
1639578247,66.1,,,,,,
1639578248,66.15,,,,,,
1639578249,66.08,,,,,,
1639578250,66.07,,,,,,
1639578251,66.02,,,,,,
1639578252,66,,,,,,
1639578253,66.02,,,,,,
1639578254,66.03,,,,,,
1639578255,66,,,,,,
1639578256,65.88,,,,,,
1639578257,65.75,,,,,,
1639578258,65.67,,,,,,
1639578259,65.6,,,,,,
1639578260,65.58,,,,,,
1639578261,65.62,,,,,,
1639578262,65.65,,,,,,
1639578263,65.67,,,,,,
1639578264,65.68,,,,,,
1639578265,65.62,,,,,,
1639578266,65.52,,,,,,
1639578267,65.48,,,,,,
1639578268,65.45,,,,,,
1639578269,65.42,,,,,,
1639578270,65.37,,,,,,
,,,,,,,
,,,,,,,
,,,,,,,
,,,,,,,
,,,,,,,
,,,,,,,
,,,,,,,
,,,,,,,
,,,,,,,
,,,,,,,
,,,,,,,
,,,,,,,
,,,,,,,
,,,,,,,
,,,,,,,
,,,,,,,
,,,,,,,
,,,,,,,
,,,,,,,
,,,,,,,
,,,,,,,
,,,,,,,
,,,,,,,
,,,,,,,
,,,,,,,
,,,,,,,
,,,,,,,
,,,,,,,
,,,,,,,
,,,,,,,
,,,,,,,
,,,,,,,
,,,,,,,
,,,,,,,
,,,,,,,
,,,,,,,
,,,,,,,
,,,,,,,
,,,,,,,
,,,,,,,
,,,,,,,
,,,,,,,
,,,,,,,
,,,,,,,
,,,,,,,
,,,,,,,
,,,,,,,
,,,,,,,
,,,,,,,
,,,,,,,
,,,,,,,
,,,,,,,
,,,,,,,
,,,,,,,
,,,,,,,
,,,,,,,
,,,,,,,
,,,,,,,
,,,,,,,
,,,,,,,
,,,,,,,
,,,,,,,
,,,,,,,
,,,,,,,
,,,,,,,
,,,,,,,
,,,,,,,
,,,,,,,
,,,,,,,
,,,,,,,
,,,,,,,
,,,,,,,
,,,,,,,
,,,,,,,
,,,,,,,
,,,,,,,
,,,,,,,
,,,,,,,
,,,,,,,
,,,,,,,
,,,,,,,
,,,,,,,
,,,,,,,
,,,,,,,
,,,,,,,
,,,,,,,
,,,,,,,
,,,,,,,
,,,,,,,
,,,,,,,
,,,,,,,
,,,,,,,
,,,,,,,
,,,,,,,
,,,,,,,
,,,,,,,
,,,,,,,
,,,,,,,
,,,,,,,
,,,,,,,
,,,,,,,
,,,,,,,
,,,,,,,
,,,,,,,
,,,,,,,
,,,,,,,
,,,,,,,
,,,,,,,
,,,,,,,
,,,,,,,
,,,,,,,
,,,,,,,
,,,,,,,
,,,,,,,
,,,,,,,
,,,,,,,
,,,,,,,
,,,,,,,
,,,,,,,
,,,,,,,
,,,,,,,
,,,,,,,
,,,,,,,
,,,,,,,
,,,,,,,
,,,,,,,
,,,,,,,
,,,,,,,
,,,,,,,
,,,,,,,
,,,,,,,
,,,,,,,
,,,,,,,
,,,,,,,
,,,,,,,
,,,,,,,
,,,,,,,
,,,,,,,
,,,,,,,
,,,,,,,
,,,,,,,
,,,,,,,
,,,,,,,
,,,,,,,
,,,,,,,
,,,,,,,
,,,,,,,
,,,,,,,
,,,,,,,
,,,,,,,
,,,,,,,
,,,,,,,
,,,,,,,
,,,,,,,
,,,,,,,
,,,,,,,
,,,,,,,
,,,,,,,
,,,,,,,
,,,,,,,
,,,,,,,
,,,,,,,
,,,,,,,
,,,,,,,
,,,,,,,
,,,,,,,
,,,,,,,
,,,,,,,
,,,,,,,
,,,,,,,
,,,,,,,
,,,,,,,
,,,,,,,
,,,,,,,
,,,,,,,
,,,,,,,
,,,,,,,
,,,,,,,
,,,,,,,
,,,,,,,
,,,,,,,
,,,,,,,
,,,,,,,
,,,,,,,
,,,,,,,
,,,,,,,
,,,,,,,
,,,,,,,
,,,,,,,
,,,,,,,
,,,,,,,
,,,,,,,
,,,,,,,
,,,,,,,
,,,,,,,
,,,,,,,
,,,,,,,
,,,,,,,
,,,,,,,
,,,,,,,
,,,,,,,
,,,,,,,
,,,,,,,
,,,,,,,
,,,,,,,
,,,,,,,
,,,,,,,
,,,,,,,
,,,,,,,
,,,,,,,
,,,,,,,
,,,,,,,
,,,,,,,
,,,,,,,
,,,,,,,
,,,,,,,
,,,,,,,
,,,,,,,
,,,,,,,
,,,,,,,
,,,,,,,
,,,,,,,
,,,,,,,
,,,,,,,
,,,,,,,
,,,,,,,
,,,,,,,
,,,,,,,
,,,,,,,
,,,,,,,
,,,,,,,
,,,,,,,
,,,,,,,
,,,,,,,
,,,,,,,
,,,,,,,
,,,,,,,
,,,,,,,
,,,,,,,
,,,,,,,
,,,,,,,
,,,,,,,
,,,,,,,
,,,,,,,
,,,,,,,
,,,,,,,
,,,,,,,
,,,,,,,
,,,,,,,
,,,,,,,
,,,,,,,
,,,,,,,
,,,,,,,
,,,,,,,
,,,,,,,
,,,,,,,
,,,,,,,
,,,,,,,
,,,,,,,
,,,,,,,
,,,,,,,
,,,,,,,
,,,,,,,
,,,,,,,
,,,,,,,
,,,,,,,
,,,,,,,
,,,,,,,
,,,,,,,
,,,,,,,
,,,,,,,
,,,,,,,
,,,,,,,
,,,,,,,
,,,,,,,
,,,,,,,
,,,,,,,
,,,,,,,
,,,,,,,
,,,,,,,
,,,,,,,
,,,,,,,
,,,,,,,
,,,,,,,
,,,,,,,
,,,,,,,
,,,,,,,
,,,,,,,
,,,,,,,
,,,,,,,
,,,,,,,
,,,,,,,
,,,,,,,
,,,,,,,
,,,,,,,
,,,,,,,
,,,,,,,
,,,,,,,
,,,,,,,
,,,,,,,
,,,,,,,
1639578572,60.28,,,,,,
1639578573,60.35,,,,,,
1639578574,60.42,,,,,,
1639578575,60.5,,,,,,
1639578576,60.58,,,,,,
1639578577,60.65,,,,,,
1639578578,60.72,,,,,,
1639578579,60.77,,,,,,
1639578580,60.75,,,,,,
1639578581,60.68,,,,,,
1639578582,60.58,,,,,,
1639578583,60.53,,,,,,
1639578584,60.52,,,,,,
1639578585,60.5,,,,,,
1639578586,60.48,,,,,,
1639578587,60.43,,,,,,
1639578588,60.37,,,,,,
1639578589,60.37,,,,,,
1639578590,60.42,,,,,,
1639578591,60.5,,,,,,
1639578592,60.6,,,,,,
1639578593,60.67,,,,,,
1639578594,60.75,,,,,,
1639578595,60.82,,,,,,
1639578596,60.88,,,,,,
1639578597,60.97,,,,,,
1639578598,61.03,,,,,,
1639578599,61.12,,,,,,
1639578600,61.2,,,,,,
1639578601,61.25,,,,,,
1639578602,61.32,,,,,,
1639578603,61.38,,,,,,
1639578604,61.45,,,,,,
1639578605,61.52,,,,,,
1639578606,61.58,,,,,,
1639578607,61.67,,,,,,
1639578608,61.73,,,,,,
1639578609,61.8,,,,,,
1639578610,61.87,,,,,,
1639578611,61.92,,,,,,
1639578612,61.98,,,,,,
1639578613,62.05,,,,,,
1639578614,62.12,,,,,,
1639578615,62.15,,,,,,
1639578616,62.18,,,,,,
1639578617,62.22,,,,,,
1639578618,62.23,,,,,,
1639578619,62.25,,,,,,
1639578620,62.27,,,,,,
1639578621,62.3,,,,,,
1639578622,62.32,,,,,,
1639578623,62.33,,,,,,
1639578624,62.35,,,,,,
1639578625,62.37,,,,,,
1639578626,62.4,,,,,,
1639578627,62.43,,,,,,
1639578628,62.45,,,,,,
1639578629,62.47,,,,,,
1639578630,62.47,,,,,,
1639578631,62.47,,,,,,
1639578632,62.45,,,,,,
1639578633,62.43,,,,,,
1639578634,62.4,,,,,,
1639578635,62.38,,,,,,
1639578636,62.37,,,,,,
1639578637,62.42,,,,,,
1639578638,62.48,,,,,,
1639578639,62.57,,,,,,
1639578640,62.72,,,,,,
1639578641,62.87,,,,,,
1639578642,63.05,,,,,,
1639578643,63.2,,,,,,
1639578644,63.33,,,,,,
1639578645,63.45,,,,,,
1639578646,63.52,,,,,,
1639578647,63.58,,,,,,
1639578648,63.63,,,,,,
1639578649,63.63,,,,,,
1639578650,63.6,,,,,,
,,,,,,,
,,,,,,,
,,,,,,,
,,,,,,,
,,,,,,,
,,,,,,,
,,,,,,,
,,,,,,,
,,,,,,,
,,,,,,,
,,,,,,,
,,,,,,,
,,,,,,,
,,,,,,,
,,,,,,,
,,,,,,,
,,,,,,,
,,,,,,,
,,,,,,,
,,,,,,,
,,,,,,,
,,,,,,,
,,,,,,,
,,,,,,,
,,,,,,,
,,,,,,,
,,,,,,,
,,,,,,,
,,,,,,,
,,,,,,,
,,,,,,,
,,,,,,,
,,,,,,,
,,,,,,,
,,,,,,,
,,,,,,,
,,,,,,,
,,,,,,,
,,,,,,,
,,,,,,,
,,,,,,,
,,,,,,,
,,,,,,,
,,,,,,,
,,,,,,,
,,,,,,,
,,,,,,,
,,,,,,,
,,,,,,,
,,,,,,,
,,,,,,,
,,,,,,,
,,,,,,,
,,,,,,,
,,,,,,,
,,,,,,,
,,,,,,,
,,,,,,,
,,,,,,,
,,,,,,,
,,,,,,,
,,,,,,,
,,,,,,,
,,,,,,,
,,,,,,,
,,,,,,,
,,,,,,,
,,,,,,,
,,,,,,,
,,,,,,,
,,,,,,,
,,,,,,,
,,,,,,,
,,,,,,,
,,,,,,,
,,,,,,,
,,,,,,,
,,,,,,,
,,,,,,,
,,,,,,,
,,,,,,,
,,,,,,,
,,,,,,,
,,,,,,,
,,,,,,,
,,,,,,,
,,,,,,,
,,,,,,,
,,,,,,,
,,,,,,,
,,,,,,,
,,,,,,,
,,,,,,,
,,,,,,,
,,,,,,,
,,,,,,,
,,,,,,,
,,,,,,,
,,,,,,,
,,,,,,,
,,,,,,,
,,,,,,,
,,,,,,,
,,,,,,,
,,,,,,,
,,,,,,,
,,,,,,,
,,,,,,,
,,,,,,,
,,,,,,,
,,,,,,,
,,,,,,,
,,,,,,,
,,,,,,,
,,,,,,,
,,,,,,,
,,,,,,,
,,,,,,,
,,,,,,,
,,,,,,,
,,,,,,,
,,,,,,,
,,,,,,,
,,,,,,,
,,,,,,,
,,,,,,,
,,,,,,,
,,,,,,,
,,,,,,,
,,,,,,,
,,,,,,,
,,,,,,,
,,,,,,,
,,,,,,,
,,,,,,,
,,,,,,,
,,,,,,,
,,,,,,,
,,,,,,,
,,,,,,,
,,,,,,,
,,,,,,,
,,,,,,,
,,,,,,,
,,,,,,,
,,,,,,,
,,,,,,,
,,,,,,,
,,,,,,,
,,,,,,,
,,,,,,,
,,,,,,,
,,,,,,,
,,,,,,,
,,,,,,,
,,,,,,,
,,,,,,,
,,,,,,,
,,,,,,,
,,,,,,,
,,,,,,,
,,,,,,,
,,,,,,,
,,,,,,,
,,,,,,,
,,,,,,,
,,,,,,,
,,,,,,,
,,,,,,,
,,,,,,,
,,,,,,,
,,,,,,,
,,,,,,,
,,,,,,,
,,,,,,,
,,,,,,,
,,,,,,,
,,,,,,,
,,,,,,,
,,,,,,,
,,,,,,,
,,,,,,,
,,,,,,,
,,,,,,,
,,,,,,,
,,,,,,,
,,,,,,,
,,,,,,,
,,,,,,,
,,,,,,,
,,,,,,,
,,,,,,,
,,,,,,,
,,,,,,,
,,,,,,,
,,,,,,,
,,,,,,,
,,,,,,,
,,,,,,,
,,,,,,,
,,,,,,,
,,,,,,,
,,,,,,,
,,,,,,,
,,,,,,,
,,,,,,,
,,,,,,,
,,,,,,,
,,,,,,,
,,,,,,,
,,,,,,,
,,,,,,,
,,,,,,,
,,,,,,,
,,,,,,,
,,,,,,,
,,,,,,,
,,,,,,,
,,,,,,,
,,,,,,,
,,,,,,,
,,,,,,,
,,,,,,,
,,,,,,,
,,,,,,,
,,,,,,,
,,,,,,,
,,,,,,,
,,,,,,,
,,,,,,,
,,,,,,,
,,,,,,,
,,,,,,,
,,,,,,,
,,,,,,,
,,,,,,,
,,,,,,,
,,,,,,,
,,,,,,,
,,,,,,,
,,,,,,,
,,,,,,,
,,,,,,,
,,,,,,,
,,,,,,,
,,,,,,,
,,,,,,,
,,,,,,,
,,,,,,,
,,,,,,,
,,,,,,,
,,,,,,,
,,,,,,,
,,,,,,,
,,,,,,,
,,,,,,,
,,,,,,,
,,,,,,,
,,,,,,,
,,,,,,,
,,,,,,,
,,,,,,,
,,,,,,,
,,,,,,,
,,,,,,,
,,,,,,,
,,,,,,,
,,,,,,,
,,,,,,,
,,,,,,,
,,,,,,,
,,,,,,,
,,,,,,,
,,,,,,,
,,,,,,,
,,,,,,,
,,,,,,,
,,,,,,,
,,,,,,,
,,,,,,,
,,,,,,,
,,,,,,,
,,,,,,,
,,,,,,,
,,,,,,,
,,,,,,,
,,,,,,,
,,,,,,,
,,,,,,,
,,,,,,,
,,,,,,,
,,,,,,,
,,,,,,,
,,,,,,,
,,,,,,,
,,,,,,,
,,,,,,,
,,,,,,,
,,,,,,,
,,,,,,,
,,,,,,,
1639578952,61.08,,,,,,
1639578953,61.02,,,,,,
1639578954,60.97,,,,,,
1639578955,60.92,,,,,,
1639578956,60.85,,,,,,
1639578957,60.8,,,,,,
1639578958,60.78,,,,,,
1639578959,60.8,,,,,,
1639578960,60.83,,,,,,
1639578961,60.88,,,,,,
1639578962,60.93,,,,,,
1639578963,61,,,,,,
1639578964,61.02,,,,,,
1639578965,61.1,,,,,,
1639578966,61.2,,,,,,
1639578967,61.35,,,,,,
1639578968,61.48,,,,,,
1639578969,61.62,,,,,,
1639578970,61.75,,,,,,
1639578971,61.93,,,,,,
1639578972,62.13,,,,,,
1639578973,62.37,,,,,,
1639578974,62.53,,,,,,
1639578975,62.67,,,,,,
1639578976,62.73,,,,,,
1639578977,62.95,,,,,,
1639578978,63.18,,,,,,
1639578979,63.43,,,,,,
1639578980,63.57,,,,,,
1639578981,63.72,,,,,,
1639578982,63.9,,,,,,
1639578983,64.05,,,,,,
1639578984,64.17,,,,,,
1639578985,64.48,,,,,,
1639578986,64.82,,,,,,
1639578987,65.15,,,,,,
1639578988,65.48,,,,,,
1639578989,65.83,,,,,,
1639578990,66.15,,,,,,
1639578991,66.4,,,,,,
1639578992,66.6,,,,,,
1639578993,66.77,,,,,,
1639578994,66.95,,,,,,
1639578995,67.08,,,,,,
1639578996,67.2,,,,,,
1639578997,67.27,,,,,,
1639578998,67.35,,,,,,
1639578999,67.42,,,,,,
1639579000,67.48,,,,,,
1639579001,67.73,,,,,,
1639579002,67.98,,,,,,
1639579003,68.28,,,,,,
1639579004,68.7,,,,,,
1639579005,69.12,,,,,,
1639579006,69.63,,,,,,
1639579007,70.15,,,,,,
1639579008,70.72,,,,,,
1639579009,71.43,,,,,,
1639579010,71.38,,,,,,
1639579011,71.33,,,,,,
1639579012,71.35,,,,,,
1639579013,71.22,,,,,,
1639579014,71.08,,,,,,
1639579015,70.97,,,,,,
1639579016,70.88,,,,,,
1639579017,70.82,,,,,,
1639579018,70.73,,,,,,
1639579019,70.65,,,,,,
1639579020,70.53,,,,,,
1639579021,70.38,,,,,,
1639579022,70.22,,,,,,
1639579023,70.05,,,,,,
1639579024,69.88,,,,,,
1639579025,69.65,,,,,,
1639579026,69.38,,,,,,
1639579027,69.08,,,,,,
1639579028,68.8,,,,,,
1639579029,68.53,,,,,,
1639579030,68.28,,,,,,
1639579031,68.02,,,,,,
1639579032,67.73,,,,,,
1639579033,67.43,,,,,,
1639579034,67.17,,,,,,
1639579035,66.95,,,,,,
1639579036,66.8,,,,,,
1639579037,66.5,,,,,,
1639579038,66.18,,,,,,
1639579039,65.85,,,,,,
1639579040,65.63,,,,,,
1639579041,65.4,,,,,,
1639579042,65.15,,,,,,
1639579043,64.95,,,,,,
1639579044,64.77,,,,,,
1639579045,64.38,,,,,,
1639579046,64,,,,,,
1639579047,63.62,,,,,,
1639579048,63.25,,,,,,
1639579049,62.88,,,,,,
1639579050,62.55,,,,,,
1639579051,62.27,,,,,,
1639579052,62.05,,,,,,
1639579053,61.87,,,,,,
1639579054,61.72,,,,,,
1639579055,61.6,,,,,,
1639579056,61.45,,,,,,
1639579057,61.3,,,,,,
1639579058,61.17,,,,,,
1639579059,61,,,,,,
1639579060,60.83,,,,,,
1639579061,60.6,,,,,,
1639579062,60.37,,,,,,
1639579063,59.92,,,,,,
1639579064,59.4,,,,,,
1639579065,58.87,,,,,,
1639579066,58.28,,,,,,
1639579067,57.68,,,,,,
1639579068,57.03,,,,,,
1639579069,56.25,,,,,,
1639579070,56.2,,,,,,
1639579071,56.15,,,,,,
1639579072,56.03,,,,,,
1639579073,56.08,,,,,,
1639579074,56.12,,,,,,
1639579075,56.15,,,,,,
1639579076,56.18,,,,,,
1639579077,56.23,,,,,,
1639579078,56.33,,,,,,
1639579079,56.42,,,,,,
1639579080,56.52,,,,,,
1639579081,56.63,,,,,,
1639579082,56.78,,,,,,
1639579083,56.9,,,,,,
1639579084,57.03,,,,,,
1639579085,57.18,,,,,,
1639579086,57.33,,,,,,
1639579087,57.48,,,,,,
1639579088,57.63,,,,,,
1639579089,57.8,,,,,,
1639579090,57.95,,,,,,
1639579091,58.15,,,,,,
1639579092,58.37,,,,,,
1639579093,58.6,,,,,,
1639579094,58.83,,,,,,
1639579095,59.05,,,,,,
1639579096,59.25,,,,,,
1639579097,59.52,,,,,,
1639579098,59.82,,,,,,
1639579099,59.83,,,,,,
1639579100,59.83,,,,,,
1639579101,59.85,,,,,,
1639579102,59.9,,,,,,
1639579103,60.4,,,,,,
1639579104,60.93,,,,,,
1639579105,61.4,,,,,,
1639579106,61.83,,,,,,
1639579107,62.27,,,,,,
1639579108,62.68,,,,,,
1639579109,63.07,,,,,,
1639579110,63.45,,,,,,
1639579111,63.78,,,,,,
1639579112,64.08,,,,,,
1639579113,64.08,,,,,,
1639579114,64.02,,,,,,
1639579115,63.92,,,,,,
1639579116,63.85,,,,,,
1639579117,63.83,,,,,,
1639579118,63.93,,,,,,
1639579119,64.07,,,,,,
1639579120,64.18,,,,,,
1639579121,64.25,,,,,,
1639579122,64.62,,,,,,
1639579123,65.13,,,,,,
1639579124,65.68,,,,,,
1639579125,66.17,,,,,,
1639579126,66.7,,,,,,
1639579127,67.25,,,,,,
1639579128,67.78,,,,,,
1639579129,68.28,,,,,,
1639579130,68.65,,,,,,
1639579131,68.93,,,,,,
1639579132,68.98,,,,,,
1639579133,69.05,,,,,,
1639579134,69.1,,,,,,
1639579135,69.13,,,,,,
1639579136,69.17,,,,,,
1639579137,69.18,,,,,,
1639579138,69.15,,,,,,
1639579139,69.1,,,,,,
1639579140,69.07,,,,,,
1639579141,69.05,,,,,,
1639579142,69.02,,,,,,
1639579143,69.02,,,,,,
1639579144,69.02,,,,,,
1639579145,69,,,,,,
1639579146,68.98,,,,,,
1639579147,68.97,,,,,,
1639579148,68.95,,,,,,
1639579149,68.93,,,,,,
1639579150,68.92,,,,,,
1639579151,68.87,,,,,,
1639579152,68.82,,,,,,
1639579153,68.75,,,,,,
1639579154,68.72,,,,,,
1639579155,68.7,,,,,,
1639579156,68.72,,,,,,
1639579157,68.68,,,,,,
1639579158,68.6,,,,,,
1639579159,68.82,,,,,,
1639579160,69,,,,,,
1639579161,69.17,,,,,,
1639579162,69.3,,,,,,
1639579163,68.93,,,,,,
1639579164,68.53,,,,,,
1639579165,68.17,,,,,,
1639579166,67.82,,,,,,
1639579167,67.48,,,,,,
1639579168,67.15,,,,,,
1639579169,66.85,,,,,,
1639579170,66.52,,,,,,
1639579171,66.23,,,,,,
1639579172,65.95,,,,,,
1639579173,65.97,,,,,,
1639579174,65.98,,,,,,
1639579175,66,,,,,,
1639579176,66.02,,,,,,
1639579177,66.02,,,,,,
1639579178,65.88,,,,,,
1639579179,65.72,,,,,,
1639579180,65.52,,,,,,
1639579181,65.28,,,,,,
1639579182,64.75,,,,,,
1639579183,64.2,,,,,,
1639579184,63.67,,,,,,
1639579185,63.22,,,,,,
1639579186,62.68,,,,,,
1639579187,62.12,,,,,,
1639579188,61.57,,,,,,
1639579189,61.03,,,,,,
1639579190,60.53,,,,,,
1639579191,60.12,,,,,,
1639579192,59.93,,,,,,
1639579193,59.75,,,,,,
1639579194,59.6,,,,,,
1639579195,59.48,,,,,,
1639579196,59.45,,,,,,
1639579197,59.4,,,,,,
1639579198,59.37,,,,,,
1639579199,59.37,,,,,,
1639579200,59.35,,,,,,
1639579201,59.35,,,,,,
1639579202,59.35,,,,,,
1639579203,59.33,,,,,,
1639579204,59.3,,,,,,
1639579205,59.25,,,,,,
1639579206,59.23,,,,,,
1639579207,59.28,,,,,,
1639579208,59.35,,,,,,
1639579209,59.42,,,,,,
1639579210,59.52,,,,,,
1639579211,59.47,,,,,,
1639579212,59.42,,,,,,
1639579213,59.37,,,,,,
1639579214,59.48,,,,,,
1639579215,59.55,,,,,,
1639579216,59.6,,,,,,
1639579217,59.63,,,,,,
1639579218,59.62,,,,,,
1639579219,59.63,,,,,,
1639579220,59.65,,,,,,
1639579221,59.67,,,,,,
1639579222,59.68,,,,,,
1639579223,59.75,,,,,,
1639579224,59.83,,,,,,
1639579225,59.93,,,,,,
1639579226,59.98,,,,,,
1639579227,60.02,,,,,,
1639579228,60.03,,,,,,
1639579229,60.08,,,,,,
1639579230,60.15,,,,,,
1639579231,60.18,,,,,,
1639579232,60.2,,,,,,
1639579233,60.2,,,,,,
1639579234,60.2,,,,,,
1639579235,60.2,,,,,,
1639579236,60.2,,,,,,
1639579237,60.18,,,,,,
1639579238,60.18,,,,,,
1639579239,60.2,,,,,,
1639579240,60.28,,,,,,
1639579241,60.37,,,,,,
1639579242,60.47,,,,,,
1639579243,60.58,,,,,,
1639579244,60.63,,,,,,
1639579245,60.67,,,,,,
1639579246,60.67,,,,,,
1639579247,60.63,,,,,,
1639579248,60.58,,,,,,
1639579249,60.57,,,,,,
1639579250,60.65,,,,,,
1639579251,60.73,,,,,,
1639579252,60.85,,,,,,
1639579253,60.95,,,,,,
1639579254,61.03,,,,,,
1639579255,61.12,,,,,,
1639579256,61.13,,,,,,
1639579257,61.18,,,,,,
1639579258,61.23,,,,,,
1639579259,61.25,,,,,,
1639579260,61.27,,,,,,
1639579261,61.23,,,,,,
1639579262,61.2,,,,,,
1639579263,61.17,,,,,,
1639579264,61.17,,,,,,
1639579265,61.18,,,,,,
1639579266,61.18,,,,,,
1639579267,61.12,,,,,,
1639579268,61.02,,,,,,
1639579269,60.92,,,,,,
1639579270,60.77,,,,,,
1639579271,60.75,,,,,,
1639579272,60.72,,,,,,
1639579273,60.67,,,,,,
1639579274,60.42,,,,,,
1639579275,60.2,,,,,,
1639579276,59.97,,,,,,
1639579277,59.73,,,,,,
1639579278,59.57,,,,,,
1639579279,59.3,,,,,,
1639579280,59.07,,,,,,
1639579281,58.87,,,,,,
1639579282,58.65,,,,,,
1639579283,58.43,,,,,,
1639579284,58.23,,,,,,
1639579285,58.28,,,,,,
1639579286,58.38,,,,,,
1639579287,58.48,,,,,,
1639579288,58.58,,,,,,
1639579289,58.67,,,,,,
1639579290,58.75,,,,,,
1639579291,58.9,,,,,,
1639579292,59.05,,,,,,
1639579293,59.2,,,,,,
1639579294,59.37,,,,,,
1639579295,59.65,,,,,,
1639579296,59.95,,,,,,
1639579297,60.25,,,,,,
1639579298,60.48,,,,,,
1639579299,60.7,,,,,,
1639579300,60.88,,,,,,
1639579301,61.1,,,,,,
1639579302,61.33,,,,,,
1639579303,61.58,,,,,,
1639579304,61.8,,,,,,
1639579305,62,,,,,,
1639579306,62.23,,,,,,
1639579307,62.48,,,,,,
1639579308,62.75,,,,,,
1639579309,62.83,,,,,,
1639579310,62.92,,,,,,
1639579311,63.05,,,,,,
1639579312,63.12,,,,,,
1639579313,63.15,,,,,,
1639579314,63.18,,,,,,
1639579315,63.2,,,,,,
1639579316,63.22,,,,,,
1639579317,63.22,,,,,,
1639579318,63.23,,,,,,
1639579319,63.28,,,,,,
1639579320,63.35,,,,,,
1639579321,63.43,,,,,,
1639579322,63.52,,,,,,
1639579323,63.58,,,,,,
1639579324,63.63,,,,,,
1639579325,63.67,,,,,,
1639579326,63.67,,,,,,
1639579327,63.68,,,,,,
1639579328,63.8,,,,,,
1639579329,63.9,,,,,,
1639579330,64,,,,,,
1639579331,64.1,,,,,,
1639579332,64.22,,,,,,
1639579333,64.32,,,,,,
1639579334,64.4,,,,,,
1639579335,64.35,,,,,,
1639579336,64.33,,,,,,
1639579337,64.33,,,,,,
1639579338,64.37,,,,,,
1639579339,64.47,,,,,,
1639579340,64.58,,,,,,
1639579341,64.68,,,,,,
1639579342,64.82,,,,,,
1639579343,64.97,,,,,,
1639579344,65.1,,,,,,
1639579345,65,,,,,,
1639579346,64.87,,,,,,
1639579347,64.73,,,,,,
1639579348,64.62,,,,,,
1639579349,64.48,,,,,,
1639579350,64.33,,,,,,
1639579351,64.13,,,,,,
1639579352,63.93,,,,,,
1639579353,63.77,,,,,,
1639579354,63.58,,,,,,
1639579355,63.3,,,,,,
1639579356,63,,,,,,
1639579357,62.7,,,,,,
1639579358,62.47,,,,,,
1639579359,62.27,,,,,,
1639579360,62.08,,,,,,
1639579361,61.87,,,,,,
1639579362,61.63,,,,,,
1639579363,61.4,,,,,,
1639579364,61.23,,,,,,
1639579365,61.07,,,,,,
1639579366,60.92,,,,,,
1639579367,60.8,,,,,,
1639579368,60.68,,,,,,
1639579369,60.7,,,,,,
1639579370,60.73,,,,,,
1639579371,60.72,,,,,,
1639579372,60.73,,,,,,
1639579373,60.82,,,,,,
1639579374,60.9,,,,,,
1639579375,60.98,,,,,,
1639579376,61.05,,,,,,
1639579377,61.12,,,,,,
1639579378,61.15,,,,,,
1639579379,61.17,,,,,,
1639579380,61.17,,,,,,
1639579381,61.17,,,,,,
1639579382,61.18,,,,,,
1639579383,61.22,,,,,,
1639579384,61.27,,,,,,
1639579385,61.3,,,,,,
1639579386,61.35,,,,,,
1639579387,61.37,,,,,,
1639579388,61.3,,,,,,
1639579389,61.22,,,,,,
1639579390,61.13,,,,,,
1639579391,61.03,,,,,,
1639579392,60.92,,,,,,
1639579393,60.83,,,,,,
1639579394,60.77,,,,,,
1639579395,60.83,,,,,,
1639579396,60.88,,,,,,
1639579397,60.92,,,,,,
1639579398,60.92,,,,,,
1639579399,60.9,,,,,,
1639579400,60.88,,,,,,
1639579401,60.87,,,,,,
1639579402,60.85,,,,,,
1639579403,60.8,,,,,,
1639579404,60.75,,,,,,
1639579405,60.7,,,,,,
1639579406,60.68,,,,,,
1639579407,60.68,,,,,,
1639579408,60.68,,,,,,
1639579409,60.68,,,,,,
1639579410,60.7,,,,,,
1639579411,60.7,,,,,,
1639579412,60.72,,,,,,
1639579413,60.72,,,,,,
1639579414,60.72,,,,,,
1639579415,60.7,,,,,,
1639579416,60.68,,,,,,
1639579417,60.67,,,,,,
1639579418,60.65,,,,,,
1639579419,60.62,,,,,,
1639579420,60.58,,,,,,
1639579421,60.53,,,,,,
1639579422,60.5,,,,,,
1639579423,60.47,,,,,,
1639579424,60.43,,,,,,
1639579425,60.4,,,,,,
1639579426,60.37,,,,,,
1639579427,60.3,,,,,,
1639579428,60.25,,,,,,
1639579429,60.22,,,,,,
1639579430,60.15,,,,,,
1639579431,60.08,,,,,,
1639579432,60.03,,,,,,
1639579433,59.95,,,,,,
1639579434,59.87,,,,,,
1639579435,59.78,,,,,,
1639579436,59.73,,,,,,
1639579437,59.85,,,,,,
1639579438,59.98,,,,,,
1639579439,60.15,,,,,,
1639579440,60.25,,,,,,
1639579441,60.32,,,,,,
1639579442,60.38,,,,,,
1639579443,60.47,,,,,,
1639579444,60.55,,,,,,
1639579445,60.67,,,,,,
1639579446,60.78,,,,,,
1639579447,60.9,,,,,,
1639579448,61,,,,,,
1639579449,61.15,,,,,,
1639579450,61.33,,,,,,
1639579451,61.7,,,,,,
1639579452,62.07,,,,,,
1639579453,62.43,,,,,,
1639579454,62.83,,,,,,
1639579455,63.2,,,,,,
1639579456,63.52,,,,,,
1639579457,63.87,,,,,,
1639579458,64.18,,,,,,
1639579459,64.5,,,,,,
1639579460,64.83,,,,,,
1639579461,64.98,,,,,,
1639579462,64.92,,,,,,
1639579463,64.87,,,,,,
1639579464,64.8,,,,,,
1639579465,64.72,,,,,,
1639579466,64.65,,,,,,
1639579467,64.57,,,,,,
1639579468,64.47,,,,,,
1639579469,64.37,,,,,,
1639579470,64.3,,,,,,
1639579471,64.27,,,,,,
1639579472,64.27,,,,,,
1639579473,64.27,,,,,,
1639579474,64.3,,,,,,
1639579475,64.38,,,,,,
1639579476,64.48,,,,,,
1639579477,64.53,,,,,,
1639579478,64.65,,,,,,
1639579479,64.77,,,,,,
1639579480,64.88,,,,,,
1639579481,65.02,,,,,,
1639579482,65.15,,,,,,
1639579483,65.3,,,,,,
1639579484,65.47,,,,,,
1639579485,65.63,,,,,,
1639579486,65.78,,,,,,
1639579487,65.93,,,,,,
1639579488,66.1,,,,,,
1639579489,66.23,,,,,,
1639579490,66.37,,,,,,
1639579491,66.5,,,,,,
1639579492,66.6,,,,,,
1639579493,66.7,,,,,,
1639579494,66.78,,,,,,
1639579495,66.85,,,,,,
1639579496,66.87,,,,,,
1639579497,66.72,,,,,,
1639579498,66.55,,,,,,
1639579499,66.35,,,,,,
1639579500,66.35,,,,,,
1639579501,66.38,,,,,,
1639579502,66.48,,,,,,
1639579503,66.57,,,,,,
1639579504,66.62,,,,,,
1639579505,66.63,,,,,,
1639579506,66.65,,,,,,
1639579507,66.68,,,,,,
1639579508,66.73,,,,,,
1639579509,66.75,,,,,,
1639579510,66.73,,,,,,
1639579511,66.5,,,,,,
1639579512,66.25,,,,,,
1639579513,65.98,,,,,,
1639579514,65.73,,,,,,
1639579515,65.53,,,,,,
1639579516,65.43,,,,,,
1639579517,65.3,,,,,,
1639579518,65.2,,,,,,
1639579519,65.15,,,,,,
1639579520,65.12,,,,,,
1639579521,65.27,,,,,,
1639579522,65.63,,,,,,
1639579523,66.1,,,,,,
1639579524,66.58,,,,,,
1639579525,67,,,,,,
1639579526,67.38,,,,,,
1639579527,67.55,,,,,,
1639579528,67.73,,,,,,
1639579529,67.92,,,,,,
1639579530,68.05,,,,,,
1639579531,68.17,,,,,,
1639579532,68.23,,,,,,
1639579533,68.3,,,,,,
1639579534,68.32,,,,,,
1639579535,68.28,,,,,,
1639579536,68.22,,,,,,
1639579537,68.18,,,,,,
1639579538,68.1,,,,,,
1639579539,68.02,,,,,,
1639579540,67.93,,,,,,
1639579541,67.82,,,,,,
1639579542,67.7,,,,,,
1639579543,67.57,,,,,,
1639579544,67.42,,,,,,
1639579545,67.27,,,,,,
1639579546,67.13,,,,,,
1639579547,67.02,,,,,,
1639579548,66.87,,,,,,
1639579549,66.75,,,,,,
1639579550,66.65,,,,,,
1639579551,66.55,,,,,,
1639579552,66.47,,,,,,
1639579553,66.38,,,,,,
1639579554,66.32,,,,,,
1639579555,66.27,,,,,,
1639579556,66.27,,,,,,
1639579557,66.27,,,,,,
1639579558,66.28,,,,,,
1639579559,66.3,,,,,,
1639579560,66.18,,,,,,
1639579561,66.07,,,,,,
1639579562,65.87,,,,,,
1639579563,65.65,,,,,,
1639579564,65.62,,,,,,
1639579565,65.63,,,,,,
1639579566,65.65,,,,,,
1639579567,65.68,,,,,,
1639579568,65.78,,,,,,
1639579569,65.92,,,,,,
1639579570,65.93,,,,,,
1639579571,65.97,,,,,,
1639579572,66.12,,,,,,
1639579573,66.1,,,,,,
1639579574,66,,,,,,
1639579575,65.88,,,,,,
1639579576,65.7,,,,,,
1639579577,65.52,,,,,,
1639579578,65.33,,,,,,
1639579579,65.1,,,,,,
1639579580,64.83,,,,,,
1639579581,64.57,,,,,,
1639579582,64.28,,,,,,
1639579583,63.92,,,,,,
1639579584,63.57,,,,,,
1639579585,63.32,,,,,,
1639579586,63.1,,,,,,
1639579587,63.12,,,,,,
1639579588,63.13,,,,,,
1639579589,63.17,,,,,,
1639579590,63.22,,,,,,
1639579591,63.28,,,,,,
1639579592,63.37,,,,,,
1639579593,63.47,,,,,,
1639579594,63.6,,,,,,
1639579595,63.77,,,,,,
1639579596,63.95,,,,,,
1639579597,64.13,,,,,,
1639579598,64.28,,,,,,
1639579599,64.42,,,,,,
1639579600,64.53,,,,,,
1639579601,64.65,,,,,,
1639579602,64.75,,,,,,
1639579603,64.83,,,,,,
1639579604,64.92,,,,,,
1639579605,65,,,,,,
1639579606,65.07,,,,,,
1639579607,65.13,,,,,,
1639579608,65.2,,,,,,
1639579609,65.27,,,,,,
1639579610,65.32,,,,,,
1639579611,65.35,,,,,,
1639579612,65.38,,,,,,
1639579613,65.45,,,,,,
1639579614,65.65,,,,,,
1639579615,65.87,,,,,,
1639579616,65.95,,,,,,
1639579617,66.05,,,,,,
1639579618,66.18,,,,,,
1639579619,66.33,,,,,,
1639579620,66.5,,,,,,
1639579621,66.68,,,,,,
1639579622,66.83,,,,,,
1639579623,66.98,,,,,,
1639579624,66.97,,,,,,
1639579625,66.95,,,,,,
1639579626,66.87,,,,,,
1639579627,66.78,,,,,,
1639579628,66.83,,,,,,
1639579629,66.85,,,,,,
1639579630,66.98,,,,,,
1639579631,67.17,,,,,,
1639579632,67.28,,,,,,
1639579633,67.47,,,,,,
1639579634,67.65,,,,,,
1639579635,67.8,,,,,,
1639579636,67.95,,,,,,
1639579637,68.1,,,,,,
1639579638,68.23,,,,,,
1639579639,68.38,,,,,,
1639579640,68.53,,,,,,
1639579641,68.57,,,,,,
1639579642,68.6,,,,,,
1639579643,68.62,,,,,,
1639579644,68.62,,,,,,
1639579645,68.58,,,,,,
1639579646,68.53,,,,,,
1639579647,68.47,,,,,,
1639579648,68.38,,,,,,
1639579649,68.28,,,,,,
1639579650,68.18,,,,,,
1639579651,68.07,,,,,,
1639579652,67.95,,,,,,
1639579653,67.82,,,,,,
1639579654,67.65,,,,,,
1639579655,67.45,,,,,,
1639579656,67.23,,,,,,
1639579657,67.03,,,,,,
1639579658,66.85,,,,,,
1639579659,66.67,,,,,,
1639579660,66.5,,,,,,
1639579661,66.35,,,,,,
1639579662,66.2,,,,,,
1639579663,66.07,,,,,,
1639579664,65.93,,,,,,
1639579665,65.8,,,,,,
1639579666,65.7,,,,,,
1639579667,65.6,,,,,,
1639579668,65.5,,,,,,
1639579669,65.4,,,,,,
1639579670,65.32,,,,,,
1639579671,65.27,,,,,,
1639579672,65.22,,,,,,
1639579673,65.15,,,,,,
1639579674,64.95,,,,,,
1639579675,64.73,,,,,,
1639579676,64.62,,,,,,
1639579677,64.48,,,,,,
1639579678,64.33,,,,,,
1639579679,64.15,,,,,,
1639579680,63.93,,,,,,
1639579681,63.65,,,,,,
1639579682,63.38,,,,,,
1639579683,63.13,,,,,,
1639579684,62.87,,,,,,
1639579685,62.48,,,,,,
1639579686,62.18,,,,,,
1639579687,62.13,,,,,,
1639579688,61.82,,,,,,
1639579689,61.5,,,,,,
1639579690,61.2,,,,,,
1639579691,61.05,,,,,,
1639579692,60.88,,,,,,
1639579693,60.8,,,,,,
1639579694,60.78,,,,,,
1639579695,60.78,,,,,,
1639579696,60.8,,,,,,
1639579697,60.82,,,,,,
1639579698,60.85,,,,,,
1639579699,60.87,,,,,,
1639579700,60.88,,,,,,
1639579701,60.98,,,,,,
1639579702,61.07,,,,,,
1639579703,61.1,,,,,,
1639579704,61.12,,,,,,
1639579705,61.13,,,,,,
1639579706,61.15,,,,,,
1639579707,61.12,,,,,,
1639579708,61.07,,,,,,
1639579709,61.02,,,,,,
1639579710,60.95,,,,,,
1639579711,61.12,,,,,,
1639579712,61.2,,,,,,
1639579713,61.28,,,,,,
1639579714,61.78,,,,,,
1639579715,62.3,,,,,,
1639579716,62.83,,,,,,
1639579717,63.37,,,,,,
1639579718,63.87,,,,,,
1639579719,64.42,,,,,,
1639579720,64.97,,,,,,
1639579721,65.52,,,,,,
1639579722,66.08,,,,,,
1639579723,66.63,,,,,,
1639579724,67.18,,,,,,
1639579725,67.63,,,,,,
1639579726,68.1,,,,,,
1639579727,68.6,,,,,,
1639579728,69.1,,,,,,
1639579729,69.63,,,,,,
1639579730,70.17,,,,,,
1639579731,70.7,,,,,,
1639579732,71.23,,,,,,
1639579733,71.77,,,,,,
1639579734,72.27,,,,,,
1639579735,72.73,,,,,,
1639579736,73.2,,,,,,
1639579737,73.63,,,,,,
1639579738,74.07,,,,,,
1639579739,74.42,,,,,,
1639579740,74.85,,,,,,
1639579741,75.12,,,,,,
1639579742,75.38,,,,,,
1639579743,75.62,,,,,,
1639579744,75.87,,,,,,
1639579745,76.1,,,,,,
1639579746,76.33,,,,,,
1639579747,76.35,,,,,,
1639579748,76.43,,,,,,
1639579749,76.57,,,,,,
1639579750,76.68,,,,,,
1639579751,76.62,,,,,,
1639579752,76.57,,,,,,
1639579753,76.48,,,,,,
1639579754,76.33,,,,,,
1639579755,76.17,,,,,,
1639579756,76,,,,,,
1639579757,75.82,,,,,,
1639579758,75.63,,,,,,
1639579759,75.47,,,,,,
1639579760,75.32,,,,,,
1639579761,75.28,,,,,,
1639579762,75.28,,,,,,
1639579763,75.22,,,,,,
1639579764,75.23,,,,,,
1639579765,75.28,,,,,,
1639579766,75.38,,,,,,
1639579767,75.57,,,,,,
1639579768,75.8,,,,,,
1639579769,76.05,,,,,,
1639579770,76.38,,,,,,
1639579771,76.48,,,,,,
1639579772,76.67,,,,,,
1639579773,76.85,,,,,,
1639579774,76.62,,,,,,
1639579775,76.4,,,,,,
1639579776,76.22,,,,,,
1639579777,76.03,,,,,,
1639579778,75.85,,,,,,
1639579779,75.62,,,,,,
1639579780,75.43,,,,,,
1639579781,75.23,,,,,,
1639579782,75,,,,,,
1639579783,74.73,,,,,,
1639579784,74.48,,,,,,
1639579785,74.33,,,,,,
1639579786,74.12,,,,,,
1639579787,73.85,,,,,,
1639579788,73.55,,,,,,
1639579789,73.17,,,,,,
1639579790,72.77,,,,,,
1639579791,72.33,,,,,,
1639579792,71.9,,,,,,
1639579793,71.45,,,,,,
1639579794,71.03,,,,,,
1639579795,70.63,,,,,,
1639579796,70.22,,,,,,
1639579797,69.82,,,,,,
1639579798,69.37,,,,,,
1639579799,69,,,,,,
1639579800,68.57,,,,,,
1639579801,68.33,,,,,,
1639579802,68.1,,,,,,
1639579803,67.92,,,,,,
1639579804,67.75,,,,,,
1639579805,67.68,,,,,,
1639579806,67.63,,,,,,
1639579807,67.68,,,,,,
1639579808,67.7,,,,,,
1639579809,67.65,,,,,,
1639579810,67.62,,,,,,
1639579811,67.58,,,,,,
1639579812,67.4,,,,,,
1639579813,67.27,,,,,,
1639579814,67.18,,,,,,
1639579815,67.13,,,,,,
1639579816,67.08,,,,,,
1639579817,67.9,,,,,,
1639579818,68.72,,,,,,
1639579819,69.53,,,,,,
1639579820,70.47,,,,,,
1639579821,71.25,,,,,,
1639579822,72.03,,,,,,
1639579823,72.93,,,,,,
1639579824,73.72,,,,,,
1639579825,,,,,,,
1639579826,,,,,,,
