1639740686,49,,1639741252,80.5,,1639741587,80.6
1639740687,79,,1639741253,80.63,,1639741588,80.37
1639740688,81,,1639741254,80.8,,1639741589,80.12
1639740689,75.75,,1639741255,80.98,,1639741590,79.85
1639740690,72.8,,1639741256,81.2,,1639741591,79.67
1639740691,70.83,,1639741257,81.4,,1639741592,79.67
1639740692,68.43,,1639741258,81.55,,1639741593,79.67
1639740693,66.38,,1639741259,81.6,,1639741594,79.7
1639740694,65.22,,1639741260,81.7,,1639741595,79.75
1639740695,64.3,,1639741261,81.78,,1639741596,79.8
1639740696,63.64,,1639741262,81.87,,1639741597,79.85
1639740697,63.33,,1639741263,81.97,,1639741598,79.88
1639740698,63.08,,1639741264,82.07,,1639741599,79.93
1639740699,62.71,,1639741265,82.17,,1639741600,79.95
1639740700,62.27,,1639741266,82.25,,1639741601,79.97
1639740701,61.44,,1639741267,82.25,,1639741602,79.97
1639740702,61.82,,1639741268,82.22,,1639741603,79.93
1639740703,62.22,,1639741269,82.18,,1639741604,79.92
1639740704,62.53,,1639741270,82.17,,1639741605,79.97
1639740705,62.7,,1639741271,82.13,,1639741606,80
1639740706,62.9,,1639741272,82.05,,1639741607,80.02
1639740707,63.23,,1639741273,81.97,,1639741608,80
1639740708,63.57,,1639741274,81.9,,1639741609,79.93
1639740709,63.92,,1639741275,81.85,,1639741610,79.78
1639740710,64,,1639741276,81.85,,1639741611,79.67
1639740711,63.96,,1639741277,81.88,,1639741612,79.57
1639740712,63.96,,1639741278,81.92,,1639741613,79.47
1639740713,64,,1639741279,82,,1639741614,79.35
1639740714,64.07,,1639741280,82.07,,1639741615,79.23
1639740715,64.03,,1639741281,82.13,,1639741616,79.13
1639740716,64.23,,1639741282,82.27,,1639741617,79.03
1639740717,64.41,,1639741283,82.38,,1639741618,79.03
1639740718,64.48,,1639741284,82.52,,1639741619,78.97
1639740719,64.71,,1639741285,82.65,,1639741620,78.85
1639740720,64.94,,1639741286,82.75,,1639741621,78.7
1639740721,65.06,,1639741287,82.85,,1639741622,78.6
1639740722,65.24,,1639741288,82.97,,1639741623,78.55
1639740723,65.45,,1639741289,83.1,,1639741624,78.47
1639740724,65.69,,1639741290,83.2,,1639741625,78.4
1639740725,65.93,,1639741291,83.3,,1639741626,78.67
1639740726,66.1,,1639741292,83.45,,1639741627,79
1639740727,66.62,,1639741293,83.6,,1639741628,79.32
1639740728,67.12,,1639741294,83.87,,1639741629,79.63
1639740729,67.55,,1639741295,84.15,,1639741630,79.93
1639740730,67.93,,1639741296,84.42,,1639741631,80.15
1639740731,68.3,,1639741297,84.72,,1639741632,80.38
1639740732,68.68,,1639741298,85.03,,1639741633,80.67
1639740733,69.04,,1639741299,85.35,,1639741634,80.88
1639740734,69.39,,1639741300,85.63,,1639741635,80.98
1639740735,69.72,,1639741301,85.9,,1639741636,81.05
1639740736,70.04,,1639741302,86.17,,1639741637,81.12
1639740737,70.35,,1639741303,86.38,,1639741638,81.18
1639740738,70.64,,1639741304,86.57,,1639741639,81.27
1639740739,70.93,,1639741305,86.72,,1639741640,81.35
1639740740,71.22,,1639741306,86.8,,1639741641,81.47
1639740741,71.52,,1639741307,86.88,,1639741642,81.58
1639740742,71.82,,1639741308,86.97,,1639741643,81.7
1639740743,72.14,,1639741309,87.03,,1639741644,81.82
1639740744,72.46,,1639741310,87.07,,1639741645,81.92
1639740745,72.78,,1639741311,87.07,,1639741646,81.92
1639740746,73.57,,1639741312,87.1,,1639741647,82.03
1639740747,73.35,,1639741313,87.1,,1639741648,82.18
1639740748,73.52,,1639741314,87.08,,1639741649,82.35
1639740749,74.1,,1639741315,87.03,,1639741650,82.58
1639740750,74.67,,1639741316,87.02,,1639741651,82.75
1639740751,75.23,,1639741317,87,,1639741652,82.9
1639740752,75.93,,1639741318,87.03,,1639741653,83.05
1639740753,76.65,,1639741319,87.12,,1639741654,83.17
1639740754,77.23,,1639741320,87.17,,1639741655,83.28
1639740755,77.83,,1639741321,87.3,,1639741656,83.42
1639740756,78.38,,1639741322,87.42,,1639741657,83.58
1639740757,78.83,,1639741323,87.52,,1639741658,83.75
1639740758,79.28,,1639741324,87.58,,1639741659,83.88
1639740759,79.77,,1639741325,87.63,,1639741660,84.03
1639740760,80.28,,1639741326,87.68,,1639741661,84.17
1639740761,80.93,,1639741327,87.72,,1639741662,84.28
1639740762,81.32,,1639741328,87.77,,1639741663,84.3
1639740763,81.7,,1639741329,87.87,,1639741664,84.28
1639740764,82.1,,1639741330,87.92,,1639741665,84.13
1639740765,82.53,,1639741331,87.98,,1639741666,84
1639740766,82.93,,1639741332,88.07,,1639741667,83.85
1639740767,83.27,,1639741333,88.17,,1639741668,83.63
1639740768,83.58,,1639741334,88.25,,1639741669,83.52
1639740769,83.88,,1639741335,88.33,,1639741670,83.45
1639740770,84.28,,1639741336,88.4,,1639741671,83.4
1639740771,84.75,,1639741337,88.45,,1639741672,83.37
1639740772,85.22,,1639741338,88.5,,1639741673,83.33
1639740773,85.72,,1639741339,88.63,,1639741674,83.3
1639740774,86.22,,1639741340,88.75,,1639741675,83.27
1639740775,86.75,,1639741341,88.83,,1639741676,83.22
1639740776,87.13,,1639741342,88.88,,1639741677,83.15
1639740777,87.48,,1639741343,88.9,,1639741678,83.08
1639740778,87.87,,1639741344,88.9,,1639741679,83.03
1639740779,88.17,,1639741345,88.9,,1639741680,83
1639740780,88.43,,1639741346,88.93,,1639741681,83
1639740781,88.75,,1639741347,88.98,,1639741682,82.98
1639740782,88.97,,1639741348,89.02,,1639741683,82.93
1639740783,89.18,,1639741349,88.97,,1639741684,82.85
1639740784,89.38,,1639741350,88.97,,1639741685,82.72
1639740785,89.58,,1639741351,88.98,,1639741686,82.58
1639740786,89.82,,1639741352,89,,1639741687,82.43
1639740787,89.72,,1639741353,89.02,,1639741688,82.27
1639740788,89.62,,1639741354,89,,1639741689,82.1
1639740789,89.57,,1639741355,88.97,,1639741690,81.98
1639740790,89.5,,1639741356,88.92,,1639741691,81.95
1639740791,89.42,,1639741357,88.83,,1639741692,81.88
1639740792,89.3,,1639741358,88.72,,1639741693,81.87
1639740793,89.2,,1639741359,88.6,,1639741694,81.85
1639740794,89.1,,1639741360,88.5,,1639741695,81.9
1639740795,89,,1639741361,88.4,,1639741696,81.95
1639740796,88.92,,1639741362,88.27,,1639741697,82
1639740797,88.87,,1639741363,88.17,,1639741698,82.02
1639740798,88.85,,1639741364,88.08,,1639741699,82.03
1639740799,88.9,,1639741365,88,,1639741700,82.05
1639740800,88.92,,1639741366,87.98,,1639741701,82.07
1639740801,88.92,,1639741367,87.95,,1639741702,82.08
1639740802,88.88,,1639741368,87.97,,1639741703,82.1
1639740803,88.7,,1639741369,88.1,,1639741704,82.13
1639740804,88.5,,1639741370,88.28,,1639741705,82.15
1639740805,88.27,,1639741371,88.47,,1639741706,82.27
1639740806,87.97,,1639741372,88.58,,1639741707,82.37
1639740807,87.7,,1639741373,88.68,,1639741708,82.43
1639740808,87.45,,1639741374,88.52,,1639741709,82.48
1639740809,87.15,,1639741375,88.42,,1639741710,82.5
1639740810,86.83,,1639741376,88.32,,1639741711,82.5
1639740811,86.5,,1639741377,88.25,,1639741712,82.33
1639740812,86.15,,1639741378,88.18,,1639741713,82.18
1639740813,85.97,,1639741379,88.1,,1639741714,82.03
1639740814,85.8,,1639741380,88.07,,1639741715,81.88
1639740815,85.62,,1639741381,87.95,,1639741716,81.72
1639740816,85.47,,1639741382,87.83,,1639741717,81.53
1639740817,85.35,,1639741383,87.73,,1639741718,81.37
1639740818,85.17,,1639741384,87.65,,1639741719,81.22
1639740819,84.87,,1639741385,87.58,,1639741720,81.1
1639740820,84.58,,1639741386,87.52,,1639741721,81.03
1639740821,84.3,,1639741387,87.47,,1639741722,80.98
1639740822,83.98,,1639741388,87.4,,1639741723,81.03
1639740823,83.67,,1639741389,87.27,,1639741724,81.07
1639740824,83.37,,1639741390,87.13,,1639741725,81.17
1639740825,83.08,,1639741391,86.98,,1639741726,81.25
1639740826,82.8,,1639741392,86.77,,1639741727,81.37
1639740827,82.55,,1639741393,86.53,,1639741728,81.58
1639740828,82.32,,1639741394,86.3,,1639741729,81.77
1639740829,82.05,,1639741395,86.08,,1639741730,81.92
1639740830,81.77,,1639741396,85.9,,1639741731,82.1
1639740831,81.47,,1639741397,85.75,,1639741732,82.25
1639740832,81.13,,1639741398,85.65,,1639741733,82.37
1639740833,80.73,,1639741399,85.5,,1639741734,82.47
1639740834,80.32,,1639741400,85.38,,1639741735,82.57
1639740835,79.98,,1639741401,85.32,,1639741736,82.65
1639740836,79.68,,1639741402,85.32,,1639741737,82.75
1639740837,79.4,,1639741403,85.35,,1639741738,82.92
1639740838,79.12,,1639741404,85.38,,1639741739,83.08
1639740839,78.88,,1639741405,85.4,,1639741740,83.22
1639740840,78.67,,1639741406,85.38,,1639741741,83.27
1639740841,78.47,,1639741407,85.37,,1639741742,83.3
1639740842,78.33,,1639741408,85.32,,1639741743,83.33
1639740843,78.22,,1639741409,85.37,,1639741744,83.28
1639740844,78.08,,1639741410,85.4,,1639741745,83.28
1639740845,78.03,,1639741411,85.4,,1639741746,83.3
1639740846,77.98,,1639741412,85.37,,1639741747,83.33
1639740847,78.02,,1639741413,85.33,,1639741748,83.42
1639740848,78.03,,1639741414,85.28,,1639741749,83.53
1639740849,78.03,,1639741415,85.22,,1639741750,83.63
1639740850,78.05,,1639741416,85.13,,1639741751,83.72
1639740851,78.07,,1639741417,85.08,,1639741752,83.8
1639740852,78.07,,1639741418,85.07,,1639741753,83.87
1639740853,78.05,,1639741419,85.07,,1639741754,83.95
1639740854,78.05,,1639741420,85.1,,1639741755,84.03
1639740855,78.07,,1639741421,85.12,,1639741756,84.12
1639740856,78.07,,1639741422,85.2,,1639741757,84.22
1639740857,78.02,,1639741423,85.27,,1639741758,84.35
1639740858,77.93,,1639741424,85.3,,1639741759,84.55
1639740859,77.78,,1639741425,85.32,,1639741760,84.73
1639740860,77.65,,1639741426,85.32,,1639741761,84.92
1639740861,77.5,,1639741427,85.35,,1639741762,85.1
1639740862,77.37,,1639741428,85.32,,1639741763,85.28
1639740863,77.28,,1639741429,85.17,,1639741764,85.43
1639740864,77.2,,1639741430,85.05,,1639741765,85.57
1639740865,77.13,,1639741431,84.95,,1639741766,85.68
1639740866,77.08,,1639741432,84.87,,1639741767,85.8
1639740867,77.07,,1639741433,84.82,,1639741768,85.93
1639740868,77.05,,1639741434,85.02,,1639741769,86.1
1639740869,76.97,,1639741435,85.15,,1639741770,86.33
1639740870,76.9,,1639741436,85.25,,1639741771,86.52
1639740871,76.88,,1639741437,85.35,,1639741772,86.63
1639740872,76.87,,1639741438,85.43,,1639741773,86.73
1639740873,76.68,,1639741439,85.52,,1639741774,86.78
1639740874,76.48,,1639741440,85.6,,1639741775,86.82
1639740875,76.3,,1639741441,85.72,,1639741776,86.83
1639740876,76.13,,1639741442,85.78,,1639741777,86.83
1639740877,75.95,,1639741443,85.82,,1639741778,86.83
1639740878,75.83,,1639741444,85.83,,1639741779,86.85
1639740879,75.82,,1639741445,85.82,,1639741780,86.78
1639740880,75.77,,1639741446,85.77,,1639741781,86.72
1639740881,75.7,,1639741447,85.67,,1639741782,86.67
1639740882,75.63,,1639741448,85.58,,1639741783,86.67
1639740883,75.57,,1639741449,85.53,,1639741784,86.68
1639740884,75.4,,1639741450,85.52,,1639741785,86.72
1639740885,75.25,,1639741451,85.5,,1639741786,86.77
1639740886,75.15,,1639741452,85.5,,1639741787,86.82
1639740887,75.05,,1639741453,85.5,,1639741788,86.85
1639740888,74.95,,1639741454,85.52,,1639741789,86.85
1639740889,74.88,,1639741455,85.52,,1639741790,86.87
1639740890,74.82,,1639741456,85.5,,1639741791,86.78
1639740891,74.75,,1639741457,85.45,,1639741792,86.68
1639740892,74.77,,1639741458,85.37,,1639741793,86.57
1639740893,74.78,,1639741459,85.3,,1639741794,86.47
1639740894,74.78,,1639741460,85.23,,1639741795,86.35
1639740895,74.72,,1639741461,85.17,,1639741796,86.25
1639740896,74.63,,1639741462,85.08,,1639741797,86.13
1639740897,74.55,,1639741463,85,,1639741798,85.95
1639740898,74.52,,1639741464,84.92,,1639741799,85.78
1639740899,74.43,,1639741465,84.87,,1639741800,85.65
1639740900,74.35,,1639741466,84.83,,1639741801,85.58
1639740901,74.28,,1639741467,84.78,,1639741802,85.58
1639740902,74.18,,1639741468,84.78,,1639741803,85.63
1639740903,74.05,,1639741469,84.8,,1639741804,85.82
1639740904,73.83,,1639741470,84.78,,1639741805,85.97
1639740905,73.47,,1639741471,84.77,,1639741806,86.08
1639740906,73.13,,1639741472,84.77,,1639741807,86.2
1639740907,72.8,,1639741473,84.82,,1639741808,86.27
1639740908,72.48,,1639741474,84.87,,1639741809,86.27
1639740909,72.3,,1639741475,84.97,,1639741810,86.22
1639740910,72.22,,1639741476,85,,1639741811,86.18
1639740911,72.15,,1639741477,85,,1639741812,86.13
1639740912,72.18,,1639741478,84.97,,1639741813,86.07
1639740913,72.22,,1639741479,84.92,,1639741814,86
1639740914,72.17,,1639741480,84.83,,1639741815,85.93
1639740915,72.12,,1639741481,84.73,,1639741816,85.85
1639740916,72.08,,1639741482,84.55,,1639741817,85.75
1639740917,72.05,,1639741483,84.28,,1639741818,85.63
1639740918,71.98,,1639741484,84.08,,1639741819,85.43
1639740919,71.9,,1639741485,83.93,,1639741820,85.27
1639740920,71.85,,1639741486,83.82,,1639741821,85.08
1639740921,71.9,,1639741487,83.58,,1639741822,84.92
1639740922,71.92,,1639741488,83.38,,1639741823,84.75
1639740923,72,,1639741489,83.2,,1639741824,84.62
1639740924,72.05,,1639741490,82.9,,1639741825,84.52
1639740925,72.12,,1639741491,82.6,,1639741826,84.42
1639740926,72.18,,1639741492,82.25,,1639741827,84.35
1639740927,72.17,,1639741493,81.88,,1639741828,84.27
1639740928,72.18,,1639741494,81.53,,1639741829,84.13
1639740929,72.27,,1639741495,81.22,,1639741830,83.9
1639740930,72.35,,1639741496,80.9,,1639741831,83.7
1639740931,72.38,,1639741497,80.52,,1639741832,83.55
1639740932,72.42,,1639741498,80.2,,1639741833,83.38
1639740933,72.47,,1639741499,79.92,,1639741834,83.27
1639740934,72.55,,1639741500,79.7,,1639741835,83.12
1639740935,72.63,,1639741501,79.45,,1639741836,82.98
1639740936,72.77,,1639741502,79.25,,1639741837,82.9
1639740937,72.97,,1639741503,79.12,,1639741838,82.78
1639740938,73.07,,1639741504,78.97,,1639741839,82.67
1639740939,73.2,,1639741505,78.83,,1639741840,82.65
1639740940,73.33,,1639741506,78.73,,1639741841,82.63
1639740941,73.47,,1639741507,78.68,,1639741842,82.65
1639740942,73.58,,1639741508,78.63,,1639741843,82.63
1639740943,73.7,,1639741509,78.57,,1639741844,82.62
1639740944,73.85,,1639741510,78.52,,1639741845,82.57
1639740945,74,,1639741511,78.5,,1639741846,82.52
1639740946,74.1,,1639741512,78.52,,1639741847,82.47
1639740947,74.2,,1639741513,78.55,,1639741848,82.42
1639740948,74.28,,1639741514,78.58,,1639741849,82.38
1639740949,74.37,,1639741515,78.6,,1639741850,82.33
1639740950,74.47,,1639741516,78.62,,1639741851,82.32
1639740951,74.58,,1639741517,78.63,,1639741852,82.32
1639740952,74.62,,1639741518,78.63,,1639741853,82.37
1639740953,74.67,,1639741519,78.57,,1639741854,82.45
1639740954,74.73,,1639741520,78.48,,1639741855,82.62
1639740955,74.77,,1639741521,78.37,,1639741856,82.62
1639740956,74.82,,1639741522,78.22,,1639741857,82.62
1639740957,74.87,,1639741523,78.05,,1639741858,82.62
1639740958,74.87,,1639741524,77.88,,1639741859,82.63
1639740959,74.87,,1639741525,77.7,,1639741860,82.65
1639740960,74.87,,1639741526,77.55,,1639741861,82.68
1639740961,74.88,,1639741527,77.43,,1639741862,82.63
1639740962,74.92,,1639741528,77.35,,1639741863,82.53
1639740963,74.97,,1639741529,77.27,,1639741864,82.4
1639740964,75.13,,1639741530,77.2,,1639741865,82.28
1639740965,75.37,,1639741531,77.17,,1639741866,82.17
1639740966,75.6,,1639741532,77.13,,1639741867,82
1639740967,75.85,,1639741533,77.05,,1639741868,81.87
1639740968,76.12,,1639741534,76.98,,1639741869,81.85
1639740969,76.25,,1639741535,76.87,,1639741870,81.83
1639740970,76.28,,1639741536,76.85,,1639741871,81.82
1639740971,76.25,,1639741537,76.85,,1639741872,81.82
1639740972,76.12,,1639741538,76.88,,1639741873,81.83
1639740973,76.02,,1639741539,76.92,,1639741874,81.83
1639740974,75.98,,1639741540,76.95,,1639741875,81.83
1639740975,75.93,,1639741541,77.02,,1639741876,81.85
1639740976,75.88,,1639741542,77.15,,1639741877,81.9
1639740977,75.88,,1639741543,77.38,,1639741878,81.98
1639740978,75.9,,1639741544,77.58,,1639741879,82.07
1639740979,75.92,,1639741545,77.78,,1639741880,82.15
1639740980,75.9,,1639741546,77.95,,1639741881,82.27
1639740981,75.8,,1639741547,78.22,,1639741882,82.37
1639740982,75.72,,1639741548,78.48,,1639741883,82.43
1639740983,75.65,,1639741549,78.75,,1639741884,82.47
1639740984,75.62,,1639741550,79.13,,1639741885,82.47
1639740985,75.57,,1639741551,79.48,,1639741886,82.47
1639740986,75.5,,1639741552,79.87,,1639741887,82.43
1639740987,75.45,,,,,,
1639740988,75.37,,,,,,
1639740989,75.3,,,,,,
1639740990,75.23,,,,,,
1639740991,75.18,,,,,,
1639740992,75.13,,,,,,
1639740993,75.12,,,,,,
1639740994,75.13,,,,,,
1639740995,75.13,,,,,,
1639740996,75.2,,,,,,
1639740997,75.2,,,,,,
1639740998,75.3,,,,,,
1639740999,75.37,,,,,,
1639741000,75.48,,,,,,
1639741001,75.6,,,,,,
1639741002,75.7,,,,,,
1639741003,75.78,,,,,,
1639741004,75.87,,,,,,
1639741005,75.98,,,,,,
1639741006,76.1,,,,,,
1639741007,76.22,,,,,,
1639741008,76.37,,,,,,
1639741009,76.53,,,,,,
1639741010,76.68,,,,,,
1639741011,76.85,,,,,,
1639741012,77.02,,,,,,
1639741013,77.18,,,,,,
1639741014,77.37,,,,,,
1639741015,77.58,,,,,,
1639741016,77.8,,,,,,
1639741017,78.03,,,,,,
1639741018,78.27,,,,,,
1639741019,78.48,,,,,,
1639741020,78.7,,,,,,
1639741021,78.87,,,,,,
1639741022,78.93,,,,,,
1639741023,79,,,,,,
1639741024,78.98,,,,,,
1639741025,78.92,,,,,,
1639741026,78.83,,,,,,
1639741027,78.77,,,,,,
1639741028,78.65,,,,,,
1639741029,78.53,,,,,,
1639741030,78.45,,,,,,
1639741031,78.42,,,,,,
1639741032,78.42,,,,,,
1639741033,78.43,,,,,,
1639741034,78.47,,,,,,
1639741035,78.48,,,,,,
1639741036,78.5,,,,,,
1639741037,78.48,,,,,,
1639741038,78.53,,,,,,
1639741039,78.6,,,,,,
1639741040,78.68,,,,,,
1639741041,78.77,,,,,,
1639741042,78.88,,,,,,
1639741043,79,,,,,,
1639741044,79.15,,,,,,
1639741045,79.3,,,,,,
1639741046,79.47,,,,,,
1639741047,79.63,,,,,,
1639741048,79.8,,,,,,
1639741049,79.98,,,,,,
1639741050,80.2,,,,,,
1639741051,80.42,,,,,,
1639741052,80.63,,,,,,
1639741053,80.8,,,,,,
1639741054,80.98,,,,,,
1639741055,81.25,,,,,,
1639741056,81.37,,,,,,
1639741057,81.5,,,,,,
1639741058,81.53,,,,,,
1639741059,81.57,,,,,,
1639741060,81.55,,,,,,
1639741061,81.52,,,,,,
1639741062,81.48,,,,,,
1639741063,81.47,,,,,,
1639741064,81.6,,,,,,
1639741065,81.63,,,,,,
1639741066,81.73,,,,,,
1639741067,81.82,,,,,,
1639741068,81.87,,,,,,
1639741069,81.9,,,,,,
1639741070,81.88,,,,,,
1639741071,81.85,,,,,,
1639741072,81.83,,,,,,
1639741073,81.85,,,,,,
1639741074,81.82,,,,,,
1639741075,81.8,,,,,,
1639741076,81.85,,,,,,
1639741077,81.88,,,,,,
1639741078,81.95,,,,,,
1639741079,82.05,,,,,,
1639741080,82.15,,,,,,
1639741081,82.33,,,,,,
1639741082,82.6,,,,,,
1639741083,82.85,,,,,,
1639741084,83.13,,,,,,
1639741085,83.45,,,,,,
1639741086,83.8,,,,,,
1639741087,84.05,,,,,,
1639741088,84.33,,,,,,
1639741089,84.6,,,,,,
1639741090,84.83,,,,,,
1639741091,85.05,,,,,,
1639741092,85.27,,,,,,
1639741093,85.43,,,,,,
1639741094,85.6,,,,,,
1639741095,85.78,,,,,,
1639741096,85.97,,,,,,
1639741097,86.17,,,,,,
1639741098,86.32,,,,,,
1639741099,86.47,,,,,,
1639741100,86.6,,,,,,
1639741101,86.73,,,,,,
1639741102,86.87,,,,,,
1639741103,87.05,,,,,,
1639741104,87.2,,,,,,
1639741105,87.37,,,,,,
1639741106,87.53,,,,,,
1639741107,87.6,,,,,,
1639741108,87.68,,,,,,
1639741109,87.8,,,,,,
1639741110,87.88,,,,,,
1639741111,87.95,,,,,,
1639741112,88.02,,,,,,
1639741113,88.1,,,,,,
1639741114,88.17,,,,,,
1639741115,88.15,,,,,,
1639741116,88.15,,,,,,
1639741117,88.15,,,,,,
1639741118,88.25,,,,,,
1639741119,88.37,,,,,,
1639741120,88.5,,,,,,
1639741121,88.65,,,,,,
1639741122,88.82,,,,,,
1639741123,88.93,,,,,,
1639741124,88.93,,,,,,
1639741125,88.95,,,,,,
1639741126,88.92,,,,,,
1639741127,88.88,,,,,,
1639741128,88.85,,,,,,
1639741129,88.82,,,,,,
1639741130,88.85,,,,,,
1639741131,88.85,,,,,,
1639741132,88.83,,,,,,
1639741133,88.75,,,,,,
1639741134,88.68,,,,,,
1639741135,88.6,,,,,,
1639741136,88.42,,,,,,
1639741137,88.2,,,,,,
1639741138,87.98,,,,,,
1639741139,87.75,,,,,,
1639741140,87.55,,,,,,
1639741141,87.28,,,,,,
1639741142,87.05,,,,,,
1639741143,86.88,,,,,,
1639741144,86.72,,,,,,
1639741145,86.57,,,,,,
1639741146,86.37,,,,,,
1639741147,86.23,,,,,,
1639741148,86.12,,,,,,
1639741149,86.03,,,,,,
1639741150,86,,,,,,
1639741151,86,,,,,,
1639741152,86,,,,,,
1639741153,85.98,,,,,,
1639741154,85.93,,,,,,
1639741155,85.87,,,,,,
1639741156,85.75,,,,,,
1639741157,85.58,,,,,,
1639741158,85.43,,,,,,
1639741159,85.28,,,,,,
1639741160,85.12,,,,,,
1639741161,84.95,,,,,,
1639741162,84.77,,,,,,
1639741163,84.53,,,,,,
1639741164,84.28,,,,,,
1639741165,84.02,,,,,,
1639741166,83.73,,,,,,
1639741167,83.55,,,,,,
1639741168,83.35,,,,,,
1639741169,83.13,,,,,,
1639741170,82.93,,,,,,
1639741171,82.8,,,,,,
1639741172,82.68,,,,,,
1639741173,82.57,,,,,,
1639741174,82.45,,,,,,
1639741175,82.33,,,,,,
1639741176,82.2,,,,,,
1639741177,82.08,,,,,,
1639741178,81.95,,,,,,
1639741179,81.82,,,,,,
1639741180,81.7,,,,,,
1639741181,81.62,,,,,,
1639741182,81.57,,,,,,
1639741183,81.55,,,,,,
1639741184,81.53,,,,,,
1639741185,81.53,,,,,,
1639741186,81.48,,,,,,
1639741187,81.42,,,,,,
1639741188,81.37,,,,,,
1639741189,81.27,,,,,,
1639741190,81.18,,,,,,
1639741191,81.15,,,,,,
1639741192,81.08,,,,,,
1639741193,81.02,,,,,,
1639741194,80.95,,,,,,
1639741195,80.9,,,,,,
1639741196,80.83,,,,,,
1639741197,80.83,,,,,,
1639741198,80.83,,,,,,
1639741199,80.9,,,,,,
1639741200,80.87,,,,,,
1639741201,80.83,,,,,,
1639741202,80.8,,,,,,
1639741203,80.7,,,,,,
1639741204,80.63,,,,,,
1639741205,80.58,,,,,,
1639741206,80.55,,,,,,
1639741207,80.62,,,,,,
1639741208,80.68,,,,,,
1639741209,80.73,,,,,,
1639741210,80.73,,,,,,
1639741211,80.73,,,,,,
1639741212,80.8,,,,,,
1639741213,80.9,,,,,,
1639741214,81.02,,,,,,
1639741215,81.15,,,,,,
1639741216,81.28,,,,,,
1639741217,81.43,,,,,,
1639741218,81.57,,,,,,
1639741219,81.65,,,,,,
1639741220,81.75,,,,,,
1639741221,81.85,,,,,,
1639741222,81.88,,,,,,
1639741223,81.93,,,,,,
1639741224,82,,,,,,
1639741225,82.07,,,,,,
1639741226,82.15,,,,,,
1639741227,82.22,,,,,,
1639741228,82.27,,,,,,
1639741229,82.28,,,,,,
1639741230,82.3,,,,,,
1639741231,82.27,,,,,,
1639741232,82.18,,,,,,
1639741233,82.1,,,,,,
1639741234,81.93,,,,,,
1639741235,81.77,,,,,,
1639741236,81.63,,,,,,
1639741237,81.48,,,,,,
1639741238,81.35,,,,,,
1639741239,81.22,,,,,,
1639741240,81.08,,,,,,
1639741241,80.93,,,,,,
1639741242,80.75,,,,,,
1639741243,80.6,,,,,,
1639741244,80.5,,,,,,
1639741245,80.42,,,,,,
1639741246,80.4,,,,,,
1639741247,80.4,,,,,,
1639741248,80.38,,,,,,
1639741249,80.42,,,,,,
1639741250,80.43,,,,,,
1639741251,80.43,,,,,,
,,,,,,,
,,,,,,,
,,,,,,,
,,,,,,,
,,,,,,,
,,,,,,,
,,,,,,,
,,,,,,,
,,,,,,,
,,,,,,,
,,,,,,,
,,,,,,,
,,,,,,,
,,,,,,,
,,,,,,,
,,,,,,,
,,,,,,,
,,,,,,,
,,,,,,,
,,,,,,,
,,,,,,,
,,,,,,,
,,,,,,,
,,,,,,,
,,,,,,,
,,,,,,,
,,,,,,,
,,,,,,,
,,,,,,,
,,,,,,,
,,,,,,,
,,,,,,,
,,,,,,,
,,,,,,,
,,,,,,,
,,,,,,,
,,,,,,,
,,,,,,,
,,,,,,,
,,,,,,,
,,,,,,,
,,,,,,,
,,,,,,,
,,,,,,,
,,,,,,,
,,,,,,,
,,,,,,,
,,,,,,,
,,,,,,,
,,,,,,,
,,,,,,,
,,,,,,,
,,,,,,,
,,,,,,,
,,,,,,,
,,,,,,,
,,,,,,,
,,,,,,,
,,,,,,,
,,,,,,,
,,,,,,,
,,,,,,,
,,,,,,,
,,,,,,,
,,,,,,,
,,,,,,,
,,,,,,,
,,,,,,,
,,,,,,,
,,,,,,,
,,,,,,,
,,,,,,,
,,,,,,,
,,,,,,,
,,,,,,,
,,,,,,,
,,,,,,,
,,,,,,,
,,,,,,,
,,,,,,,
,,,,,,,
,,,,,,,
,,,,,,,
,,,,,,,
,,,,,,,
,,,,,,,
,,,,,,,
,,,,,,,
,,,,,,,
,,,,,,,
,,,,,,,
,,,,,,,
,,,,,,,
,,,,,,,
,,,,,,,
,,,,,,,
,,,,,,,
,,,,,,,
,,,,,,,
,,,,,,,
,,,,,,,
,,,,,,,
,,,,,,,
,,,,,,,
,,,,,,,
,,,,,,,
,,,,,,,
,,,,,,,
,,,,,,,
,,,,,,,
,,,,,,,
,,,,,,,
,,,,,,,
,,,,,,,
,,,,,,,
,,,,,,,
,,,,,,,
,,,,,,,
,,,,,,,
,,,,,,,
,,,,,,,
,,,,,,,
,,,,,,,
,,,,,,,
,,,,,,,
,,,,,,,
,,,,,,,
,,,,,,,
,,,,,,,
,,,,,,,
,,,,,,,
,,,,,,,
,,,,,,,
,,,,,,,
,,,,,,,
,,,,,,,
,,,,,,,
,,,,,,,
,,,,,,,
,,,,,,,
,,,,,,,
,,,,,,,
,,,,,,,
,,,,,,,
,,,,,,,
,,,,,,,
,,,,,,,
,,,,,,,
,,,,,,,
,,,,,,,
,,,,,,,
,,,,,,,
,,,,,,,
,,,,,,,
,,,,,,,
,,,,,,,
,,,,,,,
,,,,,,,
,,,,,,,
,,,,,,,
,,,,,,,
,,,,,,,
,,,,,,,
,,,,,,,
,,,,,,,
,,,,,,,
,,,,,,,
,,,,,,,
,,,,,,,
,,,,,,,
,,,,,,,
,,,,,,,
,,,,,,,
,,,,,,,
,,,,,,,
,,,,,,,
,,,,,,,
,,,,,,,
,,,,,,,
,,,,,,,
,,,,,,,
,,,,,,,
,,,,,,,
,,,,,,,
,,,,,,,
,,,,,,,
,,,,,,,
,,,,,,,
,,,,,,,
,,,,,,,
,,,,,,,
,,,,,,,
,,,,,,,
,,,,,,,
,,,,,,,
,,,,,,,
,,,,,,,
,,,,,,,
,,,,,,,
,,,,,,,
,,,,,,,
,,,,,,,
,,,,,,,
,,,,,,,
,,,,,,,
,,,,,,,
,,,,,,,
,,,,,,,
,,,,,,,
,,,,,,,
,,,,,,,
,,,,,,,
,,,,,,,
,,,,,,,
,,,,,,,
,,,,,,,
,,,,,,,
,,,,,,,
,,,,,,,
,,,,,,,
,,,,,,,
,,,,,,,
,,,,,,,
,,,,,,,
,,,,,,,
,,,,,,,
,,,,,,,
,,,,,,,
,,,,,,,
,,,,,,,
,,,,,,,
,,,,,,,
,,,,,,,
,,,,,,,
,,,,,,,
,,,,,,,
,,,,,,,
,,,,,,,
,,,,,,,
,,,,,,,
,,,,,,,
,,,,,,,
,,,,,,,
,,,,,,,
,,,,,,,
,,,,,,,
,,,,,,,
,,,,,,,
,,,,,,,
,,,,,,,
,,,,,,,
,,,,,,,
,,,,,,,
,,,,,,,
,,,,,,,
,,,,,,,
,,,,,,,
,,,,,,,
,,,,,,,
,,,,,,,
,,,,,,,
,,,,,,,
,,,,,,,
,,,,,,,
,,,,,,,
,,,,,,,
,,,,,,,
,,,,,,,
,,,,,,,
,,,,,,,
,,,,,,,
,,,,,,,
,,,,,,,
,,,,,,,
,,,,,,,
,,,,,,,
,,,,,,,
,,,,,,,
,,,,,,,
,,,,,,,
,,,,,,,
,,,,,,,
,,,,,,,
,,,,,,,
,,,,,,,
,,,,,,,
,,,,,,,
,,,,,,,
,,,,,,,
,,,,,,,
,,,,,,,
,,,,,,,
,,,,,,,
,,,,,,,
,,,,,,,
,,,,,,,
,,,,,,,
,,,,,,,
,,,,,,,
,,,,,,,
,,,,,,,
1639741553,80.25,,,,,,
1639741554,80.65,,,,,,
1639741555,81.02,,,,,,
1639741556,81.4,,,,,,
1639741557,81.82,,,,,,
1639741558,82.07,,,,,,
1639741559,82.33,,,,,,
1639741560,82.6,,,,,,
1639741561,82.9,,,,,,
1639741562,83.17,,,,,,
1639741563,83.35,,,,,,
1639741564,83.6,,,,,,
1639741565,83.87,,,,,,
1639741566,83.8,,,,,,
1639741567,83.65,,,,,,
1639741568,83.52,,,,,,
1639741569,83.38,,,,,,
1639741570,83.25,,,,,,
1639741571,83.1,,,,,,
1639741572,82.95,,,,,,
1639741573,82.67,,,,,,
1639741574,82.42,,,,,,
1639741575,82.22,,,,,,
1639741576,82.03,,,,,,
1639741577,81.85,,,,,,
1639741578,81.68,,,,,,
1639741579,81.53,,,,,,
1639741580,81.4,,,,,,
1639741581,81.27,,,,,,
1639741582,81.15,,,,,,
1639741583,81.05,,,,,,
1639741584,80.95,,,,,,
1639741585,80.88,,,,,,
1639741586,80.8,,,,,,
,,,,,,,
,,,,,,,
,,,,,,,
,,,,,,,
,,,,,,,
,,,,,,,
,,,,,,,
,,,,,,,
,,,,,,,
,,,,,,,
,,,,,,,
,,,,,,,
,,,,,,,
,,,,,,,
,,,,,,,
,,,,,,,
,,,,,,,
,,,,,,,
,,,,,,,
,,,,,,,
,,,,,,,
,,,,,,,
,,,,,,,
,,,,,,,
,,,,,,,
,,,,,,,
,,,,,,,
,,,,,,,
,,,,,,,
,,,,,,,
,,,,,,,
,,,,,,,
,,,,,,,
,,,,,,,
,,,,,,,
,,,,,,,
,,,,,,,
,,,,,,,
,,,,,,,
,,,,,,,
,,,,,,,
,,,,,,,
,,,,,,,
,,,,,,,
,,,,,,,
,,,,,,,
,,,,,,,
,,,,,,,
,,,,,,,
,,,,,,,
,,,,,,,
,,,,,,,
,,,,,,,
,,,,,,,
,,,,,,,
,,,,,,,
,,,,,,,
,,,,,,,
,,,,,,,
,,,,,,,
,,,,,,,
,,,,,,,
,,,,,,,
,,,,,,,
,,,,,,,
,,,,,,,
,,,,,,,
,,,,,,,
,,,,,,,
,,,,,,,
,,,,,,,
,,,,,,,
,,,,,,,
,,,,,,,
,,,,,,,
,,,,,,,
,,,,,,,
,,,,,,,
,,,,,,,
,,,,,,,
,,,,,,,
,,,,,,,
,,,,,,,
,,,,,,,
,,,,,,,
,,,,,,,
,,,,,,,
,,,,,,,
,,,,,,,
,,,,,,,
,,,,,,,
,,,,,,,
,,,,,,,
,,,,,,,
,,,,,,,
,,,,,,,
,,,,,,,
,,,,,,,
,,,,,,,
,,,,,,,
,,,,,,,
,,,,,,,
,,,,,,,
,,,,,,,
,,,,,,,
,,,,,,,
,,,,,,,
,,,,,,,
,,,,,,,
,,,,,,,
,,,,,,,
,,,,,,,
,,,,,,,
,,,,,,,
,,,,,,,
,,,,,,,
,,,,,,,
,,,,,,,
,,,,,,,
,,,,,,,
,,,,,,,
,,,,,,,
,,,,,,,
,,,,,,,
,,,,,,,
,,,,,,,
,,,,,,,
,,,,,,,
,,,,,,,
,,,,,,,
,,,,,,,
,,,,,,,
,,,,,,,
,,,,,,,
,,,,,,,
,,,,,,,
,,,,,,,
,,,,,,,
,,,,,,,
,,,,,,,
,,,,,,,
,,,,,,,
,,,,,,,
,,,,,,,
,,,,,,,
,,,,,,,
,,,,,,,
,,,,,,,
,,,,,,,
,,,,,,,
,,,,,,,
,,,,,,,
,,,,,,,
,,,,,,,
,,,,,,,
,,,,,,,
,,,,,,,
,,,,,,,
,,,,,,,
,,,,,,,
,,,,,,,
,,,,,,,
,,,,,,,
,,,,,,,
,,,,,,,
,,,,,,,
,,,,,,,
,,,,,,,
,,,,,,,
,,,,,,,
,,,,,,,
,,,,,,,
,,,,,,,
,,,,,,,
,,,,,,,
,,,,,,,
,,,,,,,
,,,,,,,
,,,,,,,
,,,,,,,
,,,,,,,
,,,,,,,
,,,,,,,
,,,,,,,
,,,,,,,
,,,,,,,
,,,,,,,
,,,,,,,
,,,,,,,
,,,,,,,
,,,,,,,
,,,,,,,
,,,,,,,
,,,,,,,
,,,,,,,
,,,,,,,
,,,,,,,
,,,,,,,
,,,,,,,
,,,,,,,
,,,,,,,
,,,,,,,
,,,,,,,
,,,,,,,
,,,,,,,
,,,,,,,
,,,,,,,
,,,,,,,
,,,,,,,
,,,,,,,
,,,,,,,
,,,,,,,
,,,,,,,
,,,,,,,
,,,,,,,
,,,,,,,
,,,,,,,
,,,,,,,
,,,,,,,
,,,,,,,
,,,,,,,
,,,,,,,
,,,,,,,
,,,,,,,
,,,,,,,
,,,,,,,
,,,,,,,
,,,,,,,
,,,,,,,
,,,,,,,
,,,,,,,
,,,,,,,
,,,,,,,
,,,,,,,
,,,,,,,
,,,,,,,
,,,,,,,
,,,,,,,
,,,,,,,
,,,,,,,
,,,,,,,
,,,,,,,
,,,,,,,
,,,,,,,
,,,,,,,
,,,,,,,
,,,,,,,
,,,,,,,
,,,,,,,
,,,,,,,
,,,,,,,
,,,,,,,
,,,,,,,
,,,,,,,
,,,,,,,
,,,,,,,
,,,,,,,
,,,,,,,
,,,,,,,
,,,,,,,
,,,,,,,
,,,,,,,
,,,,,,,
,,,,,,,
,,,,,,,
,,,,,,,
,,,,,,,
,,,,,,,
,,,,,,,
,,,,,,,
,,,,,,,
,,,,,,,
,,,,,,,
,,,,,,,
,,,,,,,
,,,,,,,
,,,,,,,
,,,,,,,
,,,,,,,
,,,,,,,
,,,,,,,
,,,,,,,
,,,,,,,
,,,,,,,
,,,,,,,
,,,,,,,
,,,,,,,
,,,,,,,
,,,,,,,
,,,,,,,
,,,,,,,
,,,,,,,
,,,,,,,
,,,,,,,
,,,,,,,
,,,,,,,
,,,,,,,
,,,,,,,
,,,,,,,
,,,,,,,
,,,,,,,
1639741888,82.42,,,,,,
1639741889,82.4,,,,,,
1639741890,82.4,,,,,,
1639741891,82.45,,,,,,
1639741892,82.5,,,,,,
1639741893,82.57,,,,,,
1639741894,82.63,,,,,,
1639741895,82.75,,,,,,
1639741896,82.87,,,,,,
1639741897,82.95,,,,,,
1639741898,83.05,,,,,,
1639741899,83.13,,,,,,
1639741900,83.18,,,,,,
1639741901,83.2,,,,,,
1639741902,82.93,,,,,,
1639741903,82.72,,,,,,
1639741904,82.5,,,,,,
1639741905,82.25,,,,,,
1639741906,82.2,,,,,,
1639741907,82.1,,,,,,
1639741908,82.15,,,,,,
1639741909,82.25,,,,,,
1639741910,82.35,,,,,,
1639741911,82.43,,,,,,
1639741912,82.48,,,,,,
1639741913,82.68,,,,,,
1639741914,82.88,,,,,,
1639741915,83,,,,,,
1639741916,83.27,,,,,,
1639741917,83.53,,,,,,
1639741918,83.8,,,,,,
1639741919,83.92,,,,,,
1639741920,84.03,,,,,,
1639741921,84.18,,,,,,
1639741922,84.37,,,,,,
1639741923,84.55,,,,,,
1639741924,84.6,,,,,,
1639741925,84.62,,,,,,
1639741926,84.63,,,,,,
1639741927,84.73,,,,,,
1639741928,84.82,,,,,,
1639741929,84.85,,,,,,
1639741930,84.9,,,,,,
1639741931,84.93,,,,,,
1639741932,84.97,,,,,,
1639741933,85.05,,,,,,
1639741934,85.08,,,,,,
1639741935,85.17,,,,,,
1639741936,85.25,,,,,,
1639741937,85.3,,,,,,
1639741938,85.32,,,,,,
1639741939,85.35,,,,,,
1639741940,85.3,,,,,,
1639741941,85.25,,,,,,
1639741942,85.18,,,,,,
1639741943,85.15,,,,,,
1639741944,85.15,,,,,,
1639741945,85.2,,,,,,
1639741946,85.45,,,,,,
1639741947,85.67,,,,,,
1639741948,85.87,,,,,,
1639741949,86.08,,,,,,
1639741950,86.28,,,,,,
1639741951,86.45,,,,,,
1639741952,86.65,,,,,,
1639741953,86.83,,,,,,
1639741954,86.97,,,,,,
1639741955,87.17,,,,,,
1639741956,87.38,,,,,,
1639741957,87.6,,,,,,
1639741958,87.8,,,,,,
1639741959,88.03,,,,,,
1639741960,88.25,,,,,,
1639741961,88.48,,,,,,
1639741962,88.93,,,,,,
1639741963,89.35,,,,,,
1639741964,89.75,,,,,,
1639741965,90.17,,,,,,
1639741966,90.37,,,,,,
1639741967,90.6,,,,,,
1639741968,90.68,,,,,,
1639741969,90.7,,,,,,
1639741970,90.73,,,,,,
1639741971,90.8,,,,,,
1639741972,90.93,,,,,,
1639741973,90.92,,,,,,
1639741974,90.93,,,,,,
1639741975,90.98,,,,,,
1639741976,91.05,,,,,,
1639741977,91.12,,,,,,
1639741978,91.22,,,,,,
1639741979,91.5,,,,,,
1639741980,91.85,,,,,,
1639741981,92.12,,,,,,
1639741982,92.37,,,,,,
1639741983,92.6,,,,,,
1639741984,93.05,,,,,,
1639741985,93.57,,,,,,
1639741986,94.13,,,,,,
1639741987,94.67,,,,,,
1639741988,95.2,,,,,,
1639741989,96.03,,,,,,
1639741990,96.92,,,,,,
1639741991,97.83,,,,,,
1639741992,98.75,,,,,,
1639741993,99.77,,,,,,
1639741994,100.88,,,,,,
1639741995,101.98,,,,,,
1639741996,103.05,,,,,,
1639741997,104.1,,,,,,
1639741998,105.12,,,,,,
1639741999,106.12,,,,,,
1639742000,107.17,,,,,,
1639742001,108.18,,,,,,
1639742002,109.2,,,,,,
1639742003,110.45,,,,,,
1639742004,111.7,,,,,,
1639742005,112.9,,,,,,
1639742006,113.9,,,,,,
1639742007,114.95,,,,,,
1639742008,115.95,,,,,,
1639742009,116.88,,,,,,
1639742010,117.87,,,,,,
1639742011,118.82,,,,,,
1639742012,119.7,,,,,,
1639742013,120.55,,,,,,
1639742014,121.55,,,,,,
1639742015,122.33,,,,,,
1639742016,123.1,,,,,,
1639742017,123.87,,,,,,
1639742018,124.48,,,,,,
1639742019,125.08,,,,,,
1639742020,125.93,,,,,,
1639742021,126.72,,,,,,
1639742022,127.55,,,,,,
1639742023,128.38,,,,,,
1639742024,129.25,,,,,,
1639742025,130.12,,,,,,
1639742026,130.43,,,,,,
1639742027,130.75,,,,,,
1639742028,130.87,,,,,,
1639742029,131,,,,,,
1639742030,131.13,,,,,,
1639742031,131.18,,,,,,
1639742032,131.22,,,,,,
1639742033,131.32,,,,,,
1639742034,131.37,,,,,,
1639742035,131.4,,,,,,
1639742036,131.45,,,,,,
1639742037,131.47,,,,,,
1639742038,131.33,,,,,,
1639742039,131.15,,,,,,
1639742040,130.88,,,,,,
1639742041,130.67,,,,,,
1639742042,130.45,,,,,,
1639742043,130.28,,,,,,
1639742044,130.07,,,,,,
1639742045,129.82,,,,,,
1639742046,129.53,,,,,,
1639742047,129.3,,,,,,
1639742048,129.15,,,,,,
1639742049,128.7,,,,,,
1639742050,128.15,,,,,,
1639742051,127.53,,,,,,
1639742052,126.9,,,,,,
1639742053,126.12,,,,,,
1639742054,125.27,,,,,,
1639742055,124.33,,,,,,
1639742056,123.32,,,,,,
1639742057,122.35,,,,,,
1639742058,121.42,,,,,,
1639742059,120.5,,,,,,
1639742060,119.62,,,,,,
1639742061,118.72,,,,,,
1639742062,117.85,,,,,,
1639742063,116.73,,,,,,
1639742064,115.58,,,,,,
1639742065,114.52,,,,,,
1639742066,113.4,,,,,,
1639742067,112.25,,,,,,
1639742068,111.13,,,,,,
1639742069,110.12,,,,,,
1639742070,109.12,,,,,,
1639742071,108.15,,,,,,
1639742072,107.18,,,,,,
1639742073,106.35,,,,,,
1639742074,105.35,,,,,,
1639742075,104.48,,,,,,
1639742076,103.6,,,,,,
1639742077,102.68,,,,,,
1639742078,101.9,,,,,,
1639742079,101.2,,,,,,
1639742080,100.18,,,,,,
1639742081,99.13,,,,,,
1639742082,98.02,,,,,,
1639742083,96.9,,,,,,
1639742084,95.77,,,,,,
1639742085,94.65,,,,,,
1639742086,94.1,,,,,,
1639742087,93.5,,,,,,
1639742088,93.13,,,,,,
1639742089,92.8,,,,,,
1639742090,92.47,,,,,,
1639742091,92.23,,,,,,
1639742092,91.97,,,,,,
1639742093,91.65,,,,,,
1639742094,91.32,,,,,,
1639742095,91,,,,,,
1639742096,90.67,,,,,,
1639742097,90.38,,,,,,
1639742098,90.23,,,,,,
1639742099,90.07,,,,,,
1639742100,89.57,,,,,,
1639742101,89.03,,,,,,
1639742102,88.52,,,,,,
1639742103,88,,,,,,
1639742104,87.47,,,,,,
1639742105,86.92,,,,,,
1639742106,86.38,,,,,,
1639742107,85.83,,,,,,
1639742108,85.23,,,,,,
1639742109,84.63,,,,,,
1639742110,84.1,,,,,,
1639742111,83.62,,,,,,
1639742112,83.15,,,,,,
1639742113,82.72,,,,,,
1639742114,82.32,,,,,,
1639742115,81.97,,,,,,
1639742116,81.7,,,,,,
1639742117,81.4,,,,,,
1639742118,81.12,,,,,,
1639742119,80.82,,,,,,
1639742120,80.52,,,,,,
1639742121,80.23,,,,,,
1639742122,79.92,,,,,,
1639742123,79.6,,,,,,
1639742124,79.28,,,,,,
1639742125,78.88,,,,,,
1639742126,78.5,,,,,,
1639742127,78.12,,,,,,
1639742128,77.75,,,,,,
1639742129,77.33,,,,,,
1639742130,76.85,,,,,,
1639742131,76.35,,,,,,
1639742132,75.9,,,,,,
1639742133,75.38,,,,,,
1639742134,74.93,,,,,,
1639742135,74.48,,,,,,
1639742136,74.03,,,,,,
1639742137,73.65,,,,,,
1639742138,73.32,,,,,,
1639742139,72.9,,,,,,
1639742140,72.58,,,,,,
1639742141,72.37,,,,,,
1639742142,72.18,,,,,,
1639742143,72,,,,,,
1639742144,71.83,,,,,,
1639742145,71.68,,,,,,
1639742146,71.57,,,,,,
1639742147,71.5,,,,,,
1639742148,71.38,,,,,,
1639742149,71.28,,,,,,
1639742150,71.17,,,,,,
1639742151,71.02,,,,,,
1639742152,70.82,,,,,,
1639742153,70.6,,,,,,
1639742154,70.37,,,,,,
1639742155,70.12,,,,,,
1639742156,69.87,,,,,,
1639742157,69.53,,,,,,
1639742158,69.2,,,,,,
1639742159,68.88,,,,,,
1639742160,68.93,,,,,,
1639742161,69.02,,,,,,
1639742162,69.07,,,,,,
1639742163,69.08,,,,,,
1639742164,69.08,,,,,,
1639742165,69.08,,,,,,
1639742166,69.08,,,,,,
1639742167,69.15,,,,,,
1639742168,69.18,,,,,,
1639742169,69.18,,,,,,
1639742170,69.22,,,,,,
1639742171,69.22,,,,,,
1639742172,69.17,,,,,,
1639742173,69.12,,,,,,
1639742174,69.1,,,,,,
1639742175,69.25,,,,,,
1639742176,69.47,,,,,,
1639742177,69.7,,,,,,
1639742178,69.92,,,,,,
1639742179,70.13,,,,,,
1639742180,70.33,,,,,,
1639742181,70.53,,,,,,
1639742182,70.75,,,,,,
1639742183,71.02,,,,,,
1639742184,71.32,,,,,,
1639742185,71.65,,,,,,
1639742186,72.03,,,,,,
1639742187,72.45,,,,,,
1639742188,72.87,,,,,,
1639742189,73.32,,,,,,
1639742190,73.83,,,,,,
1639742191,74.32,,,,,,
1639742192,74.77,,,,,,
1639742193,75.2,,,,,,
1639742194,75.6,,,,,,
1639742195,76,,,,,,
1639742196,76.42,,,,,,
1639742197,76.83,,,,,,
1639742198,77.22,,,,,,
1639742199,77.6,,,,,,
1639742200,77.97,,,,,,
1639742201,78.32,,,,,,
1639742202,78.68,,,,,,
1639742203,79.03,,,,,,
1639742204,79.38,,,,,,
1639742205,79.65,,,,,,
1639742206,79.9,,,,,,
1639742207,80.12,,,,,,
1639742208,80.3,,,,,,
1639742209,80.47,,,,,,
1639742210,80.65,,,,,,
1639742211,80.53,,,,,,
1639742212,80.53,,,,,,
1639742213,80.55,,,,,,
1639742214,80.6,,,,,,
1639742215,80.63,,,,,,
1639742216,80.65,,,,,,
1639742217,80.75,,,,,,
1639742218,80.82,,,,,,
1639742219,80.85,,,,,,
1639742220,80.83,,,,,,
1639742221,80.8,,,,,,
1639742222,80.8,,,,,,
1639742223,80.82,,,,,,
1639742224,80.87,,,,,,
1639742225,80.92,,,,,,
1639742226,80.95,,,,,,
1639742227,80.87,,,,,,
1639742228,80.8,,,,,,
1639742229,80.75,,,,,,
1639742230,80.68,,,,,,
1639742231,80.6,,,,,,
1639742232,80.6,,,,,,
1639742233,80.6,,,,,,
1639742234,80.47,,,,,,
1639742235,80.2,,,,,,
1639742236,79.92,,,,,,
1639742237,79.6,,,,,,
1639742238,79.27,,,,,,
1639742239,78.92,,,,,,
1639742240,78.58,,,,,,
1639742241,78.4,,,,,,
1639742242,78.22,,,,,,
1639742243,78.02,,,,,,
1639742244,77.78,,,,,,
1639742245,77.5,,,,,,
1639742246,77.2,,,,,,
1639742247,76.88,,,,,,
1639742248,76.57,,,,,,
1639742249,76.2,,,,,,
1639742250,75.77,,,,,,
1639742251,75.35,,,,,,
1639742252,74.95,,,,,,
1639742253,74.6,,,,,,
1639742254,74.3,,,,,,
1639742255,74,,,,,,
1639742256,73.68,,,,,,
1639742257,73.32,,,,,,
1639742258,72.97,,,,,,
1639742259,72.58,,,,,,
1639742260,72.18,,,,,,
1639742261,71.78,,,,,,
1639742262,71.37,,,,,,
1639742263,70.95,,,,,,
1639742264,70.55,,,,,,
1639742265,70.27,,,,,,
1639742266,69.93,,,,,,
1639742267,69.7,,,,,,
1639742268,69.55,,,,,,
1639742269,69.37,,,,,,
1639742270,69.15,,,,,,
1639742271,69.22,,,,,,
1639742272,69.23,,,,,,
1639742273,69.22,,,,,,
1639742274,69.18,,,,,,
1639742275,69.18,,,,,,
1639742276,69.18,,,,,,
1639742277,69.18,,,,,,
1639742278,69.2,,,,,,
1639742279,69.23,,,,,,
1639742280,69.27,,,,,,
1639742281,69.32,,,,,,
1639742282,69.37,,,,,,
1639742283,69.43,,,,,,
1639742284,69.48,,,,,,
1639742285,69.55,,,,,,
1639742286,69.6,,,,,,
1639742287,69.67,,,,,,
1639742288,69.72,,,,,,
1639742289,69.75,,,,,,
1639742290,69.77,,,,,,
1639742291,69.85,,,,,,
1639742292,69.9,,,,,,
1639742293,69.95,,,,,,
1639742294,70.1,,,,,,
1639742295,70.23,,,,,,
1639742296,70.37,,,,,,
1639742297,70.52,,,,,,
1639742298,70.68,,,,,,
1639742299,70.87,,,,,,
1639742300,71.03,,,,,,
1639742301,71.05,,,,,,
1639742302,71.1,,,,,,
1639742303,71.13,,,,,,
1639742304,71.18,,,,,,
1639742305,71.28,,,,,,
1639742306,71.38,,,,,,
1639742307,71.5,,,,,,
1639742308,71.62,,,,,,
1639742309,71.77,,,,,,
1639742310,71.93,,,,,,
1639742311,72.1,,,,,,
1639742312,72.27,,,,,,
1639742313,72.38,,,,,,
1639742314,72.52,,,,,,
1639742315,72.63,,,,,,
1639742316,72.75,,,,,,
1639742317,72.85,,,,,,
1639742318,72.95,,,,,,
1639742319,73.07,,,,,,
1639742320,73.2,,,,,,
1639742321,73.3,,,,,,
1639742322,73.43,,,,,,
1639742323,73.58,,,,,,
1639742324,73.72,,,,,,
1639742325,73.8,,,,,,
1639742326,73.97,,,,,,
1639742327,74.08,,,,,,
1639742328,74.18,,,,,,
1639742329,74.3,,,,,,
1639742330,74.47,,,,,,
1639742331,74.62,,,,,,
1639742332,74.88,,,,,,
1639742333,75.23,,,,,,
1639742334,75.65,,,,,,
1639742335,75.98,,,,,,
1639742336,76.3,,,,,,
1639742337,76.57,,,,,,
1639742338,76.82,,,,,,
1639742339,77.03,,,,,,
1639742340,77.25,,,,,,
1639742341,77.45,,,,,,
1639742342,77.58,,,,,,
1639742343,77.78,,,,,,
1639742344,77.97,,,,,,
1639742345,78.12,,,,,,
1639742346,78.27,,,,,,
1639742347,78.4,,,,,,
1639742348,78.48,,,,,,
1639742349,78.48,,,,,,
1639742350,78.5,,,,,,
1639742351,78.48,,,,,,
1639742352,78.43,,,,,,
1639742353,78.37,,,,,,
1639742354,78.27,,,,,,
1639742355,78.12,,,,,,
1639742356,78.02,,,,,,
1639742357,77.92,,,,,,
1639742358,77.83,,,,,,
1639742359,77.77,,,,,,
1639742360,77.63,,,,,,
1639742361,77.5,,,,,,
1639742362,77.33,,,,,,
1639742363,77.23,,,,,,
